{
    "Comment": "Analyse HRV",
    "Name": "C:\\Users\\alexa\\OneDrive\\Bureau\\R\u00e9sultat Test Master\\Interface 1\\13\\13MyFirstHRVExport.json",
    "ar_abs": [
        2368.358064143354,
        4915.742412382944,
        10327.380111587858
    ],
    "ar_bands": {
        "hf": [
            0.15,
            0.4
        ],
        "lf": [
            0.04,
            0.15
        ],
        "ulf": null,
        "vlf": [
            0.0,
            0.04
        ]
    },
    "ar_interpolation": "cubic",
    "ar_log": [
        7.769952194092887,
        8.500198071506551,
        9.242553910545864
    ],
    "ar_nfft": 4096.0,
    "ar_norm": [
        32.24892015827216,
        67.75107984172784
    ],
    "ar_order": 16.0,
    "ar_peak": [
        0.0,
        0.0400390625,
        0.3994140625
    ],
    "ar_ratio": 0.47599123487933065,
    "ar_rel": [
        13.447807822255097,
        27.91214735063523,
        58.64004482710966
    ],
    "ar_resampling_frequency": 4.0,
    "ar_total": 17611.48058811416,
    "dfa_alpha1": 0.7025479051617121,
    "dfa_alpha1_beats": [
        4,
        5,
        6,
        7,
        8,
        9,
        10,
        11,
        12,
        13,
        14,
        15,
        16
    ],
    "dfa_alpha2": 0.7339966352639264,
    "dfa_alpha2_beats": [
        17,
        18,
        19,
        20,
        21,
        22,
        23,
        24,
        25,
        26,
        27,
        28,
        29,
        30,
        31,
        32,
        33,
        34,
        35,
        36,
        37,
        38,
        39,
        40,
        41,
        42,
        43,
        44,
        45,
        46,
        47,
        48,
        49,
        50,
        51,
        52,
        53,
        54,
        55,
        56,
        57,
        58,
        59,
        60,
        61,
        62,
        63,
        64
    ],
    "ellipse_area": 35961.44559299904,
    "fft_abs": [
        728.8108985316135,
        1573.747142153986,
        2808.8131629712916
    ],
    "fft_bands": {
        "hf": [
            0.15,
            0.4
        ],
        "lf": [
            0.04,
            0.15
        ],
        "ulf": null,
        "vlf": [
            0.0,
            0.04
        ]
    },
    "fft_interpolation": "cubic",
    "fft_log": [
        6.591414299911343,
        7.3612147694102745,
        7.940517311175943
    ],
    "fft_nfft": 4096.0,
    "fft_norm": [
        35.909309458070304,
        64.0906905419297
    ],
    "fft_peak": [
        0.013671875,
        0.0634765625,
        0.3193359375
    ],
    "fft_ratio": 0.5602890085039348,
    "fft_rel": [
        14.258618079042886,
        30.789138167622433,
        54.95224375333467
    ],
    "fft_resampling_frequency": 4.0,
    "fft_total": 5111.371203656891,
    "fft_window": "hamming",
    "hr_max": 298.5074626865672,
    "hr_mean": 76.96404261007943,
    "hr_min": 51.282051282051285,
    "hr_std": 20.675874780077287,
    "lomb_abs": [
        78.2910170078463,
        355.3309904857108,
        912.9772851714006
    ],
    "lomb_bands": {
        "hf": [
            0.15,
            0.4
        ],
        "lf": [
            0.04,
            0.15
        ],
        "ulf": null,
        "vlf": [
            0.0,
            0.04
        ]
    },
    "lomb_log": [
        4.360432871100443,
        5.873049722656143,
        6.8167110009551335
    ],
    "lomb_ma": "n/a",
    "lomb_nfft": 256.0,
    "lomb_norm": [
        28.01613750423678,
        71.98386249576322
    ],
    "lomb_peak": [
        0.02250980392156863,
        0.09486274509803921,
        0.2701176470588235
    ],
    "lomb_ratio": 0.3892002531245908,
    "lomb_rel": [
        5.813980256361652,
        26.387284801145324,
        67.79873494249303
    ],
    "lomb_total": 1346.5992926649578,
    "nn20": 536.0,
    "nn50": 398.0,
    "nni_counter": 619.0,
    "nni_diff_max": 726.0,
    "nni_diff_mean": 96.94822006472492,
    "nni_diff_min": 0.0,
    "nni_max": 1170.0,
    "nni_mean": 805.5428109854604,
    "nni_min": 201.0,
    "pnn20": 86.73139158576052,
    "pnn50": 64.40129449838187,
    "rmssd": 134.14497301952008,
    "sampen": 1.770130851501277,
    "sd1": 94.85218444086506,
    "sd2": 120.68128658490294,
    "sd_ratio": 1.2723089857792453,
    "sdann": 13.329751075548739,
    "sdnn": 109.77803152874012,
    "sdnn_index": 106.75427188409688,
    "sdsd": 92.78926773017919,
    "tinn": 312.5,
    "tinn_m": 976.5625,
    "tinn_n": 664.0625,
    "tri_index": 20.633333333333333
}