{
    "Comment": "Analyse HRV",
    "Name": "C:\\Users\\alexa\\OneDrive\\Bureau\\R\u00e9sultat Test Master\\Interface 2\\23\\23MyFirstHRVExport.json",
    "ar_abs": [
        2329.0022931092726,
        4843.99136345229,
        10327.530994052486
    ],
    "ar_bands": {
        "hf": [
            0.15,
            0.4
        ],
        "lf": [
            0.04,
            0.15
        ],
        "ulf": null,
        "vlf": [
            0.0,
            0.04
        ]
    },
    "ar_interpolation": "cubic",
    "ar_log": [
        7.753195254473496,
        8.485494321734212,
        9.24256852038503
    ],
    "ar_nfft": 4096.0,
    "ar_norm": [
        31.92818261284209,
        68.0718173871579
    ],
    "ar_order": 16.0,
    "ar_peak": [
        0.0,
        0.0400390625,
        0.2392578125
    ],
    "ar_ratio": 0.4690367297122509,
    "ar_rel": [
        13.308185552183168,
        27.679120827285182,
        59.01269362053165
    ],
    "ar_resampling_frequency": 4.0,
    "ar_total": 17500.524650614047,
    "dfa_alpha1": 0.8671752556645056,
    "dfa_alpha1_beats": [
        4,
        5,
        6,
        7,
        8,
        9,
        10,
        11,
        12,
        13,
        14,
        15,
        16
    ],
    "dfa_alpha2": 0.7405682754036105,
    "dfa_alpha2_beats": [
        17,
        18,
        19,
        20,
        21,
        22,
        23,
        24,
        25,
        26,
        27,
        28,
        29,
        30,
        31,
        32,
        33,
        34,
        35,
        36,
        37,
        38,
        39,
        40,
        41,
        42,
        43,
        44,
        45,
        46,
        47,
        48,
        49,
        50,
        51,
        52,
        53,
        54,
        55,
        56,
        57,
        58,
        59,
        60,
        61,
        62,
        63,
        64
    ],
    "ellipse_area": 30847.14791994748,
    "fft_abs": [
        1419.9812704472677,
        2597.063050840988,
        3499.0193566637645
    ],
    "fft_bands": {
        "hf": [
            0.15,
            0.4
        ],
        "lf": [
            0.04,
            0.15
        ],
        "ulf": null,
        "vlf": [
            0.0,
            0.04
        ]
    },
    "fft_interpolation": "cubic",
    "fft_log": [
        7.258398960682452,
        7.862136489704957,
        8.160238024408335
    ],
    "fft_nfft": 4096.0,
    "fft_norm": [
        42.60216442684241,
        57.397835573157586
    ],
    "fft_peak": [
        0.0205078125,
        0.0400390625,
        0.1552734375
    ],
    "fft_ratio": 0.7422259742275986,
    "fft_rel": [
        18.892618946440123,
        34.55349983874321,
        46.55388121481667
    ],
    "fft_resampling_frequency": 4.0,
    "fft_total": 7516.06367795202,
    "fft_window": "hamming",
    "hr_max": 348.83720930232556,
    "hr_mean": 90.5787664013382,
    "hr_min": 37.61755485893417,
    "hr_std": 24.95318559347991,
    "lomb_abs": [
        47.095863704159356,
        121.66547210212302,
        334.800423500529
    ],
    "lomb_bands": {
        "hf": [
            0.15,
            0.4
        ],
        "lf": [
            0.04,
            0.15
        ],
        "ulf": null,
        "vlf": [
            0.0,
            0.04
        ]
    },
    "lomb_log": [
        3.8521851777214193,
        4.801275246527466,
        5.813534603550389
    ],
    "lomb_ma": "n/a",
    "lomb_nfft": 256.0,
    "lomb_norm": [
        26.653792380588126,
        73.34620761941187
    ],
    "lomb_peak": [
        0.01607843137254902,
        0.04019607843137255,
        0.1672156862745098
    ],
    "lomb_ratio": 0.36339700777568096,
    "lomb_rel": [
        9.352549679107915,
        24.160983206827343,
        66.48646711406474
    ],
    "lomb_total": 503.5617593068114,
    "nn20": 675.0,
    "nn50": 209.0,
    "nni_counter": 1719.0,
    "nni_diff_max": 841.0,
    "nni_diff_mean": 43.91152502910361,
    "nni_diff_min": 0.0,
    "nni_max": 1595.0,
    "nni_mean": 687.021524141943,
    "nni_min": 172.0,
    "pnn20": 39.28987194412107,
    "pnn50": 12.165308498253784,
    "rmssd": 112.22199643690203,
    "sampen": 0.7684256985198428,
    "sd1": 79.35293329546444,
    "sd2": 123.73773388984802,
    "sd_ratio": 1.5593340882449833,
    "sdann": 18.189503157138194,
    "sdnn": 103.96775772822726,
    "sdnn_index": 101.88328076334358,
    "sdsd": 103.304240920118,
    "tinn": 242.1875,
    "tinn_m": 804.6875,
    "tinn_n": 562.5,
    "tri_index": 17.019801980198018
}