{
    "Comment": "Analyse HRV",
    "Name": "C:\\Users\\alexa\\OneDrive\\Bureau\\R\u00e9sultat Test Master\\Interface 2\\1MyFirstHRVExport.json",
    "ar_abs": [
        2374.6632724865685,
        4948.1237512351245,
        10189.158941465263
    ],
    "ar_bands": {
        "hf": [
            0.15,
            0.4
        ],
        "lf": [
            0.04,
            0.15
        ],
        "ulf": null,
        "vlf": [
            0.0,
            0.04
        ]
    },
    "ar_interpolation": "cubic",
    "ar_log": [
        7.772610926411351,
        8.50676374355434,
        9.229079585172007
    ],
    "ar_nfft": 4096.0,
    "ar_norm": [
        32.688322281391,
        67.31167771860899
    ],
    "ar_order": 16.0,
    "ar_peak": [
        0.0,
        0.0400390625,
        0.150390625
    ],
    "ar_ratio": 0.48562631907708315,
    "ar_rel": [
        13.56024782858115,
        28.255704769029073,
        58.18404740238978
    ],
    "ar_resampling_frequency": 4.0,
    "ar_total": 17511.945965186955,
    "dfa_alpha1": 0.9770998160528013,
    "dfa_alpha1_beats": [
        4,
        5,
        6,
        7,
        8,
        9,
        10,
        11,
        12,
        13,
        14,
        15,
        16
    ],
    "dfa_alpha2": 0.8773272205119768,
    "dfa_alpha2_beats": [
        17,
        18,
        19,
        20,
        21,
        22,
        23,
        24,
        25,
        26,
        27,
        28,
        29,
        30,
        31,
        32,
        33,
        34,
        35,
        36,
        37,
        38,
        39,
        40,
        41,
        42,
        43,
        44,
        45,
        46,
        47,
        48,
        49,
        50,
        51,
        52,
        53,
        54,
        55,
        56,
        57,
        58,
        59,
        60,
        61,
        62,
        63,
        64
    ],
    "ellipse_area": 32503.576042089597,
    "fft_abs": [
        2678.585420958224,
        3790.629294975361,
        2863.847956677465
    ],
    "fft_bands": {
        "hf": [
            0.15,
            0.4
        ],
        "lf": [
            0.04,
            0.15
        ],
        "ulf": null,
        "vlf": [
            0.0,
            0.04
        ]
    },
    "fft_interpolation": "cubic",
    "fft_log": [
        7.893044106154003,
        8.240287325183806,
        7.95992143891905
    ],
    "fft_nfft": 4096.0,
    "fft_norm": [
        56.963592354814224,
        43.036407645185776
    ],
    "fft_peak": [
        0.015625,
        0.1083984375,
        0.150390625
    ],
    "fft_ratio": 1.3236140159385819,
    "fft_rel": [
        28.69996179087967,
        40.61506311427009,
        30.68497509485024
    ],
    "fft_resampling_frequency": 4.0,
    "fft_total": 9333.06267261105,
    "fft_window": "hamming",
    "hr_max": 326.0869565217391,
    "hr_mean": 73.15075423631963,
    "hr_min": 33.74578177727784,
    "hr_std": 19.449775353714,
    "lomb_abs": [
        30.11909285003532,
        88.94223931139936,
        231.25351858455247
    ],
    "lomb_bands": {
        "hf": [
            0.15,
            0.4
        ],
        "lf": [
            0.04,
            0.15
        ],
        "ulf": null,
        "vlf": [
            0.0,
            0.04
        ]
    },
    "lomb_log": [
        3.4051592846174277,
        4.487987162541617,
        5.443514591777547
    ],
    "lomb_ma": "n/a",
    "lomb_nfft": 256.0,
    "lomb_norm": [
        27.7774571080674,
        72.2225428919326
    ],
    "lomb_peak": [
        0.017686274509803923,
        0.07717647058823529,
        0.18811764705882353
    ],
    "lomb_ratio": 0.3846092368920203,
    "lomb_rel": [
        8.597720817686556,
        25.38922889566314,
        66.01305028665031
    ],
    "lomb_total": 350.31485074598714,
    "nn20": 1668.0,
    "nn50": 795.0,
    "nni_counter": 2531.0,
    "nni_diff_max": 1239.0,
    "nni_diff_mean": 52.84466403162055,
    "nni_diff_min": 0.0,
    "nni_max": 1778.0,
    "nni_mean": 845.658237850652,
    "nni_min": 184.0,
    "pnn20": 65.9288537549407,
    "pnn50": 31.422924901185773,
    "rmssd": 102.11738769458029,
    "sampen": 1.2099357538798368,
    "sd1": 72.20787458470937,
    "sd2": 143.2836743918595,
    "sd_ratio": 1.9843220038801839,
    "sdann": 21.406243346319638,
    "sdnn": 113.47407179901734,
    "sdnn_index": 107.07230898892104,
    "sdsd": 87.3980634332361,
    "tinn": 335.9375,
    "tinn_m": 1000.0,
    "tinn_n": 664.0625,
    "tri_index": 22.8018018018018
}