{
    "Comment": "Analyse HRV",
    "Name": "C:\\Users\\alexa\\OneDrive\\Bureau\\R\u00e9sultat Test Master\\Interface 3\\18\\18MyFirstHRVExport_3.json",
    "ar_abs": [
        2413.7973290327495,
        4958.222418278863,
        8521.92765099318
    ],
    "ar_bands": {
        "hf": [
            0.15,
            0.4
        ],
        "lf": [
            0.04,
            0.15
        ],
        "ulf": null,
        "vlf": [
            0.0,
            0.04
        ]
    },
    "ar_interpolation": "cubic",
    "ar_log": [
        7.788956441642772,
        8.50880257207277,
        9.050397844349234
    ],
    "ar_nfft": 4096.0,
    "ar_norm": [
        36.781655937059,
        63.218344062941
    ],
    "ar_order": 16.0,
    "ar_peak": [
        0.0,
        0.0400390625,
        0.150390625
    ],
    "ar_ratio": 0.5818193513648302,
    "ar_rel": [
        15.186896423793367,
        31.195663946941803,
        53.61743962926483
    ],
    "ar_resampling_frequency": 4.0,
    "ar_total": 15893.947398304794,
    "dfa_alpha1": 1.5235393243825077,
    "dfa_alpha1_beats": [
        4,
        5,
        6,
        7,
        8,
        9,
        10,
        11,
        12,
        13,
        14,
        15,
        16
    ],
    "dfa_alpha2": 0.9300369311375339,
    "dfa_alpha2_beats": [
        17,
        18,
        19,
        20,
        21,
        22,
        23,
        24,
        25,
        26,
        27,
        28,
        29,
        30,
        31,
        32,
        33,
        34,
        35,
        36,
        37,
        38,
        39,
        40,
        41,
        42,
        43,
        44,
        45,
        46,
        47,
        48,
        49,
        50,
        51,
        52,
        53,
        54,
        55,
        56,
        57,
        58,
        59,
        60,
        61,
        62,
        63,
        64
    ],
    "ellipse_area": 4441.3449460896045,
    "fft_abs": [
        1233.9055514212978,
        1936.689420891804,
        166.84274190084972
    ],
    "fft_bands": {
        "hf": [
            0.15,
            0.4
        ],
        "lf": [
            0.04,
            0.15
        ],
        "ulf": null,
        "vlf": [
            0.0,
            0.04
        ]
    },
    "fft_interpolation": "cubic",
    "fft_log": [
        7.117939662979624,
        7.5687353102784325,
        5.117051703507115
    ],
    "fft_nfft": 4096.0,
    "fft_norm": [
        92.06844825803144,
        7.931551741968564
    ],
    "fft_peak": [
        0.0146484375,
        0.078125,
        0.150390625
    ],
    "fft_ratio": 11.607873371217599,
    "fft_rel": [
        36.9716428314502,
        58.02923040761352,
        4.99912676093628
    ],
    "fft_resampling_frequency": 4.0,
    "fft_total": 3337.4377142139515,
    "fft_window": "hamming",
    "hr_max": 95.08716323296355,
    "hr_mean": 78.52419982256218,
    "hr_min": 59.46481665014866,
    "hr_std": 6.01435479944421,
    "lomb_abs": [
        150.43648097549774,
        402.32323280226944,
        965.238241664243
    ],
    "lomb_bands": {
        "hf": [
            0.15,
            0.4
        ],
        "lf": [
            0.04,
            0.15
        ],
        "ulf": null,
        "vlf": [
            0.0,
            0.04
        ]
    },
    "lomb_log": [
        5.013540941780408,
        5.997255827231777,
        6.872374953422123
    ],
    "lomb_ma": "n/a",
    "lomb_nfft": 256.0,
    "lomb_norm": [
        29.419023591551248,
        70.58097640844875
    ],
    "lomb_peak": [
        0.03376470588235294,
        0.0852156862745098,
        0.1704313725490196
    ],
    "lomb_ratio": 0.41681236345194156,
    "lomb_rel": [
        9.910189960150092,
        26.503542469207154,
        63.586267570642754
    ],
    "lomb_total": 1517.9979554420102,
    "nn20": 139.0,
    "nn50": 20.0,
    "nni_counter": 482.0,
    "nni_diff_max": 188.0,
    "nni_diff_mean": 17.002079002079004,
    "nni_diff_min": 0.0,
    "nni_max": 1009.0,
    "nni_mean": 768.6929460580913,
    "nni_min": 631.0,
    "pnn20": 28.8981288981289,
    "pnn50": 4.158004158004158,
    "rmssd": 23.797569714664654,
    "sampen": 0.9751627324247248,
    "sd1": 16.827416499560467,
    "sd2": 84.0131344184452,
    "sd_ratio": 4.9926341587040195,
    "sdann": 5.600288834318299,
    "sdnn": 60.590314301418616,
    "sdnn_index": 51.88297331020131,
    "sdsd": 16.668270626215115,
    "tinn": 226.5625,
    "tinn_m": 875.0,
    "tinn_n": 648.4375,
    "tri_index": 14.606060606060606
}