{
    "Comment": "Analyse HRV",
    "Name": "C:\\Users\\alexa\\OneDrive\\Bureau\\R\u00e9sultat Test Master\\Interface 3\\18\\18MyFirstHRVExport.json",
    "ar_abs": [
        2428.433836609618,
        5233.466092567427,
        11404.985635350506
    ],
    "ar_bands": {
        "hf": [
            0.15,
            0.4
        ],
        "lf": [
            0.04,
            0.15
        ],
        "ulf": null,
        "vlf": [
            0.0,
            0.04
        ]
    },
    "ar_interpolation": "cubic",
    "ar_log": [
        7.795001816864369,
        8.562829070353041,
        9.341805875213137
    ],
    "ar_nfft": 4096.0,
    "ar_norm": [
        31.45404499257649,
        68.5459550074235
    ],
    "ar_order": 16.0,
    "ar_peak": [
        0.0,
        0.0400390625,
        0.208984375
    ],
    "ar_ratio": 0.45887529014906897,
    "ar_rel": [
        12.736394878917872,
        27.447933616929454,
        59.81567150415267
    ],
    "ar_resampling_frequency": 4.0,
    "ar_total": 19066.88556452755,
    "dfa_alpha1": 0.6853807590141626,
    "dfa_alpha1_beats": [
        4,
        5,
        6,
        7,
        8,
        9,
        10,
        11,
        12,
        13,
        14,
        15,
        16
    ],
    "dfa_alpha2": 0.7094433860668865,
    "dfa_alpha2_beats": [
        17,
        18,
        19,
        20,
        21,
        22,
        23,
        24,
        25,
        26,
        27,
        28,
        29,
        30,
        31,
        32,
        33,
        34,
        35,
        36,
        37,
        38,
        39,
        40,
        41,
        42,
        43,
        44,
        45,
        46,
        47,
        48,
        49,
        50,
        51,
        52,
        53,
        54,
        55,
        56,
        57,
        58,
        59,
        60,
        61,
        62,
        63,
        64
    ],
    "ellipse_area": 68340.61178496135,
    "fft_abs": [
        2541.189346712255,
        5633.430233080925,
        9735.699149917247
    ],
    "fft_bands": {
        "hf": [
            0.15,
            0.4
        ],
        "lf": [
            0.04,
            0.15
        ],
        "ulf": null,
        "vlf": [
            0.0,
            0.04
        ]
    },
    "fft_interpolation": "cubic",
    "fft_log": [
        7.840387497156397,
        8.636473813233742,
        9.183554733400817
    ],
    "fft_nfft": 4096.0,
    "fft_norm": [
        36.65419226226833,
        63.34580773773167
    ],
    "fft_peak": [
        0.029296875,
        0.1357421875,
        0.1611328125
    ],
    "fft_ratio": 0.5786364334326014,
    "fft_rel": [
        14.18840940276969,
        31.453545400819376,
        54.35804519641094
    ],
    "fft_resampling_frequency": 4.0,
    "fft_total": 17910.318729710427,
    "fft_window": "hamming",
    "hr_max": 326.0869565217391,
    "hr_mean": 74.49819591132051,
    "hr_min": 49.62779156327544,
    "hr_std": 17.38487283144117,
    "lomb_abs": [
        63.23189858219265,
        166.62711037953667,
        450.79829650894305
    ],
    "lomb_bands": {
        "hf": [
            0.15,
            0.4
        ],
        "lf": [
            0.04,
            0.15
        ],
        "ulf": null,
        "vlf": [
            0.0,
            0.04
        ]
    },
    "lomb_log": [
        4.146808898224076,
        5.115758443862248,
        6.111020003340697
    ],
    "lomb_ma": "n/a",
    "lomb_nfft": 256.0,
    "lomb_norm": [
        26.987407469876455,
        73.01259253012354
    ],
    "lomb_peak": [
        0.03215686274509804,
        0.12862745098039216,
        0.29101960784313724
    ],
    "lomb_ratio": 0.3696267525186424,
    "lomb_rel": [
        9.289828827807556,
        24.480323510861986,
        66.22984766133047
    ],
    "lomb_total": 680.6573054706723,
    "nn20": 1037.0,
    "nn50": 789.0,
    "nni_counter": 1219.0,
    "nni_diff_max": 630.0,
    "nni_diff_mean": 120.98522167487685,
    "nni_diff_min": 0.0,
    "nni_max": 1209.0,
    "nni_mean": 837.0114848236259,
    "nni_min": 184.0,
    "pnn20": 85.13957307060755,
    "pnn50": 64.77832512315271,
    "rmssd": 170.52874885834387,
    "sampen": 1.6302406424731837,
    "sd1": 120.58201108664173,
    "sd2": 180.40412631176923,
    "sd_ratio": 1.4961114405542926,
    "sdann": 9.058931214403366,
    "sdnn": 153.460081402032,
    "sdnn_index": 153.50345726989298,
    "sdsd": 120.2268594249635,
    "tinn": 609.375,
    "tinn_m": 1156.25,
    "tinn_n": 546.875,
    "tri_index": 34.82857142857143
}