{
    "Comment": "Analyse HRV",
    "Name": "C:\\Users\\alexa\\OneDrive\\Bureau\\R\u00e9sultat Test Master\\Interface 3\\18\\18MyFirstHRVExport_4.json",
    "ar_abs": [
        2425.600943709007,
        5231.15891374708,
        11408.06084363743
    ],
    "ar_bands": {
        "hf": [
            0.15,
            0.4
        ],
        "lf": [
            0.04,
            0.15
        ],
        "ulf": null,
        "vlf": [
            0.0,
            0.04
        ]
    },
    "ar_interpolation": "cubic",
    "ar_log": [
        7.793834584510067,
        8.562388122138206,
        9.342075476058282
    ],
    "ar_nfft": 4096.0,
    "ar_norm": [
        31.4387272361463,
        68.5612727638537
    ],
    "ar_order": 16.0,
    "ar_peak": [
        0.0,
        0.0400390625,
        0.20703125
    ],
    "ar_ratio": 0.4585493525540436,
    "ar_rel": [
        12.722915057731857,
        27.4388046746594,
        59.83828026760876
    ],
    "ar_resampling_frequency": 4.0,
    "ar_total": 19064.820701093515,
    "dfa_alpha1": 0.7417566917130873,
    "dfa_alpha1_beats": [
        4,
        5,
        6,
        7,
        8,
        9,
        10,
        11,
        12,
        13,
        14,
        15,
        16
    ],
    "dfa_alpha2": 0.7094954301118425,
    "dfa_alpha2_beats": [
        17,
        18,
        19,
        20,
        21,
        22,
        23,
        24,
        25,
        26,
        27,
        28,
        29,
        30,
        31,
        32,
        33,
        34,
        35,
        36,
        37,
        38,
        39,
        40,
        41,
        42,
        43,
        44,
        45,
        46,
        47,
        48,
        49,
        50,
        51,
        52,
        53,
        54,
        55,
        56,
        57,
        58,
        59,
        60,
        61,
        62,
        63,
        64
    ],
    "ellipse_area": 68313.31975904136,
    "fft_abs": [
        2567.7001771070745,
        5652.260562324751,
        9742.365619894612
    ],
    "fft_bands": {
        "hf": [
            0.15,
            0.4
        ],
        "lf": [
            0.04,
            0.15
        ],
        "ulf": null,
        "vlf": [
            0.0,
            0.04
        ]
    },
    "fft_interpolation": "cubic",
    "fft_log": [
        7.850765904530658,
        8.639810843648519,
        9.184239243932684
    ],
    "fft_nfft": 4096.0,
    "fft_norm": [
        36.715802614636104,
        63.284197385363896
    ],
    "fft_peak": [
        0.029296875,
        0.1357421875,
        0.1611328125
    ],
    "fft_ratio": 0.580173315481245,
    "fft_rel": [
        14.29491996605366,
        31.467308015979633,
        54.2377720179667
    ],
    "fft_resampling_frequency": 4.0,
    "fft_total": 17962.32635932644,
    "fft_window": "hamming",
    "hr_max": 322.5806451612903,
    "hr_mean": 74.3983700029925,
    "hr_min": 49.586776859504134,
    "hr_std": 17.29487537921061,
    "lomb_abs": [
        62.34906293949003,
        204.00397464780048,
        396.22118577247704
    ],
    "lomb_bands": {
        "hf": [
            0.15,
            0.4
        ],
        "lf": [
            0.04,
            0.15
        ],
        "ulf": null,
        "vlf": [
            0.0,
            0.04
        ]
    },
    "lomb_log": [
        4.132748642975258,
        5.318139477222063,
        5.981972605254026
    ],
    "lomb_ma": "n/a",
    "lomb_nfft": 256.0,
    "lomb_norm": [
        33.987907888592495,
        66.01209211140751
    ],
    "lomb_peak": [
        0.004823529411764706,
        0.04501960784313726,
        0.31513725490196076
    ],
    "lomb_ratio": 0.5148739693211309,
    "lomb_rel": [
        9.410125045814748,
        30.789603255819607,
        59.80027169836565
    ],
    "lomb_total": 662.5742233597675,
    "nn20": 1037.0,
    "nn50": 788.0,
    "nni_counter": 1219.0,
    "nni_diff_max": 629.0,
    "nni_diff_mean": 120.95402298850574,
    "nni_diff_min": 0.0,
    "nni_max": 1210.0,
    "nni_mean": 838.0114848236259,
    "nni_min": 186.0,
    "pnn20": 85.13957307060755,
    "pnn50": 64.69622331691298,
    "rmssd": 170.4924433363871,
    "sampen": 1.6253059698991394,
    "sd1": 120.55633920084216,
    "sd2": 180.37048222832445,
    "sd_ratio": 1.496150956672915,
    "sdann": 9.070364605769397,
    "sdnn": 153.43021990568158,
    "sdnn_index": 153.601333411841,
    "sdsd": 120.20674269930038,
    "tinn": 640.625,
    "tinn_m": 1187.5,
    "tinn_n": 546.875,
    "tri_index": 36.93939393939394
}