{
    "Comment": "Analyse HRV",
    "Name": "C:\\Users\\alexa\\OneDrive\\Bureau\\R\u00e9sultat Test Master\\Interface 2\\30\\30MyFirstHRVExport.json",
    "ar_abs": [
        2511.42374700991,
        5380.108000852625,
        10238.495855482308
    ],
    "ar_bands": {
        "hf": [
            0.15,
            0.4
        ],
        "lf": [
            0.04,
            0.15
        ],
        "ulf": null,
        "vlf": [
            0.0,
            0.04
        ]
    },
    "ar_interpolation": "cubic",
    "ar_log": [
        7.828605101196194,
        8.590463727462263,
        9.23390999869118
    ],
    "ar_nfft": 4096.0,
    "ar_norm": [
        34.44679210984946,
        65.55320789015055
    ],
    "ar_order": 16.0,
    "ar_peak": [
        0.0,
        0.0400390625,
        0.150390625
    ],
    "ar_ratio": 0.5254783590083489,
    "ar_rel": [
        13.852288600744176,
        29.675123053094737,
        56.47258834616109
    ],
    "ar_resampling_frequency": 4.0,
    "ar_total": 18130.027603344843,
    "dfa_alpha1": 0.9875736596819935,
    "dfa_alpha1_beats": [
        4,
        5,
        6,
        7,
        8,
        9,
        10,
        11,
        12,
        13,
        14,
        15,
        16
    ],
    "dfa_alpha2": 0.5519157799778631,
    "dfa_alpha2_beats": [
        17,
        18,
        19,
        20,
        21,
        22,
        23,
        24,
        25,
        26,
        27,
        28,
        29,
        30,
        31,
        32,
        33,
        34,
        35,
        36,
        37,
        38,
        39,
        40,
        41,
        42,
        43,
        44,
        45,
        46,
        47,
        48,
        49,
        50,
        51,
        52,
        53,
        54,
        55,
        56,
        57,
        58,
        59,
        60,
        61,
        62,
        63,
        64
    ],
    "ellipse_area": 31264.43759511955,
    "fft_abs": [
        1042.6636875737304,
        6030.350089337549,
        2812.75653065241
    ],
    "fft_bands": {
        "hf": [
            0.15,
            0.4
        ],
        "lf": [
            0.04,
            0.15
        ],
        "ulf": null,
        "vlf": [
            0.0,
            0.04
        ]
    },
    "fft_interpolation": "cubic",
    "fft_log": [
        6.94953395580669,
        8.704560345969194,
        7.941920253251849
    ],
    "fft_nfft": 4096.0,
    "fft_norm": [
        68.19266518517219,
        31.80733481482782
    ],
    "fft_peak": [
        0.0390625,
        0.0888671875,
        0.171875
    ],
    "fft_ratio": 2.143928926524909,
    "fft_rel": [
        10.547116260388725,
        61.00030550703445,
        28.452578232576837
    ],
    "fft_resampling_frequency": 4.0,
    "fft_total": 9885.77030756369,
    "fft_window": "hamming",
    "hr_max": 465.1162790697674,
    "hr_mean": 89.63570038132873,
    "hr_min": 54.4464609800363,
    "hr_std": 28.084997669681066,
    "lomb_abs": [
        208.18606936500817,
        847.6419721692995,
        1895.1600662474489
    ],
    "lomb_bands": {
        "hf": [
            0.15,
            0.4
        ],
        "lf": [
            0.04,
            0.15
        ],
        "ulf": null,
        "vlf": [
            0.0,
            0.04
        ]
    },
    "lomb_log": [
        5.338432244072026,
        6.7424583440087344,
        7.547058581626088
    ],
    "lomb_ma": "n/a",
    "lomb_nfft": 256.0,
    "lomb_norm": [
        30.904234439704272,
        69.09576556029573
    ],
    "lomb_peak": [
        0.019294117647058823,
        0.12219607843137255,
        0.19776470588235295
    ],
    "lomb_ratio": 0.44726669122344404,
    "lomb_rel": [
        7.054791878558285,
        28.724005018321403,
        64.22120310312032
    ],
    "lomb_total": 2950.9881077817563,
    "nn20": 174.0,
    "nn50": 85.0,
    "nni_counter": 285.0,
    "nni_diff_max": 520.0,
    "nni_diff_mean": 59.11619718309859,
    "nni_diff_min": 0.0,
    "nni_max": 1102.0,
    "nni_mean": 695.540350877193,
    "nni_min": 129.0,
    "pnn20": 61.267605633802816,
    "pnn50": 29.929577464788732,
    "rmssd": 103.40350676484626,
    "sampen": 0.9659610883885751,
    "sd1": 73.11699996676595,
    "sd2": 136.10760256884362,
    "sd_ratio": 1.861504200537617,
    "sdann": "n/a",
    "sdnn": 109.28643051286215,
    "sdnn_index": "n/a",
    "sdsd": 84.98819634303908,
    "tinn": 234.375,
    "tinn_m": 820.3125,
    "tinn_n": 585.9375,
    "tri_index": 15.833333333333334
}