{
    "Comment": "Analyse HRV",
    "Name": "C:\\Users\\alexa\\OneDrive\\Bureau\\R\u00e9sultat Test Master\\Interface 1\\28\\28MyFirstHRVExport.json",
    "ar_abs": [
        2431.942673499157,
        5053.695463094576,
        10435.331335430172
    ],
    "ar_bands": {
        "hf": [
            0.15,
            0.4
        ],
        "lf": [
            0.04,
            0.15
        ],
        "ulf": null,
        "vlf": [
            0.0,
            0.04
        ]
    },
    "ar_interpolation": "cubic",
    "ar_log": [
        7.796445671056248,
        8.527875029522937,
        9.252952571324425
    ],
    "ar_nfft": 4096.0,
    "ar_norm": [
        32.62758550831557,
        67.37241449168442
    ],
    "ar_order": 16.0,
    "ar_peak": [
        0.0,
        0.0400390625,
        0.150390625
    ],
    "ar_ratio": 0.4842870150117997,
    "ar_rel": [
        13.570374511800926,
        28.19989996067906,
        58.22972552752
    ],
    "ar_resampling_frequency": 4.0,
    "ar_total": 17920.969472023906,
    "dfa_alpha1": 0.6011174177316543,
    "dfa_alpha1_beats": [
        4,
        5,
        6,
        7,
        8,
        9,
        10,
        11,
        12,
        13,
        14,
        15,
        16
    ],
    "dfa_alpha2": 0.7664429578290165,
    "dfa_alpha2_beats": [
        17,
        18,
        19,
        20,
        21,
        22,
        23,
        24,
        25,
        26,
        27,
        28,
        29,
        30,
        31,
        32,
        33,
        34,
        35,
        36,
        37,
        38,
        39,
        40,
        41,
        42,
        43,
        44,
        45,
        46,
        47,
        48,
        49,
        50,
        51,
        52,
        53,
        54,
        55,
        56,
        57,
        58,
        59,
        60,
        61,
        62,
        63,
        64
    ],
    "ellipse_area": 32463.1198470091,
    "fft_abs": [
        810.2612005241328,
        866.508836683201,
        2987.689931836153
    ],
    "fft_bands": {
        "hf": [
            0.15,
            0.4
        ],
        "lf": [
            0.04,
            0.15
        ],
        "ulf": null,
        "vlf": [
            0.0,
            0.04
        ]
    },
    "fft_interpolation": "cubic",
    "fft_log": [
        6.697356665467159,
        6.764472307237764,
        8.002255769728938
    ],
    "fft_nfft": 4096.0,
    "fft_norm": [
        22.482204181080235,
        77.51779581891977
    ],
    "fft_peak": [
        0.00390625,
        0.1044921875,
        0.3291015625
    ],
    "fft_ratio": 0.29002636031600115,
    "fft_rel": [
        17.370954106189664,
        18.57683081072493,
        64.0522150830854
    ],
    "fft_resampling_frequency": 4.0,
    "fft_total": 4664.459969043487,
    "fft_window": "hamming",
    "hr_max": 273.972602739726,
    "hr_mean": 90.7476620052839,
    "hr_min": 65.359477124183,
    "hr_std": 28.5942929664364,
    "lomb_abs": [
        229.05161409310307,
        721.9060890651506,
        1503.0744995336026
    ],
    "lomb_bands": {
        "hf": [
            0.15,
            0.4
        ],
        "lf": [
            0.04,
            0.15
        ],
        "ulf": null,
        "vlf": [
            0.0,
            0.04
        ]
    },
    "lomb_log": [
        5.433947367210795,
        6.581895059886036,
        7.315267955745853
    ],
    "lomb_ma": "n/a",
    "lomb_nfft": 256.0,
    "lomb_norm": [
        32.445500547930266,
        67.55449945206972
    ],
    "lomb_peak": [
        0.038588235294117645,
        0.06592156862745098,
        0.36015686274509806
    ],
    "lomb_ratio": 0.4802862993744853,
    "lomb_rel": [
        9.333684123698688,
        29.417140014433524,
        61.249175861867776
    ],
    "lomb_total": 2454.0322026918566,
    "nn20": 146.0,
    "nn50": 62.0,
    "nni_counter": 325.0,
    "nni_diff_max": 580.0,
    "nni_diff_mean": 53.31481481481482,
    "nni_diff_min": 0.0,
    "nni_max": 918.0,
    "nni_mean": 692.8646153846154,
    "nni_min": 219.0,
    "pnn20": 45.06172839506173,
    "pnn50": 19.1358024691358,
    "rmssd": 114.57926255395174,
    "sampen": 0.7560491889220586,
    "sd1": 81.01975049033933,
    "sd2": 127.54090109058474,
    "sd_ratio": 1.5741951847382265,
    "sdann": "n/a",
    "sdnn": 106.85882637821162,
    "sdnn_index": "n/a",
    "sdsd": 101.57648811480193,
    "tinn": 156.25,
    "tinn_m": 781.25,
    "tinn_n": 625.0,
    "tri_index": 10.833333333333334
}