{
    "Comment": "Analyse HRV",
    "Name": "C:\\Users\\alexa\\OneDrive\\Bureau\\R\u00e9sultat Test Master\\Interface 3\\15\\15MyFirstHRVExport.json",
    "ar_abs": [
        2409.2675151189806,
        5121.762155885137,
        9942.251240384794
    ],
    "ar_bands": {
        "hf": [
            0.15,
            0.4
        ],
        "lf": [
            0.04,
            0.15
        ],
        "ulf": null,
        "vlf": [
            0.0,
            0.04
        ]
    },
    "ar_interpolation": "cubic",
    "ar_log": [
        7.787078044651627,
        8.541253829891591,
        9.204548756943327
    ],
    "ar_nfft": 4096.0,
    "ar_norm": [
        33.9999840756472,
        66.00001592435281
    ],
    "ar_order": 16.0,
    "ar_peak": [
        0.0,
        0.0400390625,
        0.150390625
    ],
    "ar_ratio": 0.5151511495787658,
    "ar_rel": [
        13.788294982132657,
        29.31196597741883,
        56.8997390404485
    ],
    "ar_resampling_frequency": 4.0,
    "ar_total": 17473.280911388913,
    "dfa_alpha1": 0.9830125824266792,
    "dfa_alpha1_beats": [
        4,
        5,
        6,
        7,
        8,
        9,
        10,
        11,
        12,
        13,
        14,
        15,
        16
    ],
    "dfa_alpha2": 0.8415871906360902,
    "dfa_alpha2_beats": [
        17,
        18,
        19,
        20,
        21,
        22,
        23,
        24,
        25,
        26,
        27,
        28,
        29,
        30,
        31,
        32,
        33,
        34,
        35,
        36,
        37,
        38,
        39,
        40,
        41,
        42,
        43,
        44,
        45,
        46,
        47,
        48,
        49,
        50,
        51,
        52,
        53,
        54,
        55,
        56,
        57,
        58,
        59,
        60,
        61,
        62,
        63,
        64
    ],
    "ellipse_area": 25976.209207248718,
    "fft_abs": [
        2228.0440270290846,
        4250.319970787377,
        2391.4551058197603
    ],
    "fft_bands": {
        "hf": [
            0.15,
            0.4
        ],
        "lf": [
            0.04,
            0.15
        ],
        "ulf": null,
        "vlf": [
            0.0,
            0.04
        ]
    },
    "fft_interpolation": "cubic",
    "fft_log": [
        7.7088793616369795,
        8.354749546328609,
        7.779657290550153
    ],
    "fft_nfft": 4096.0,
    "fft_norm": [
        63.993735436138806,
        36.006264563861194
    ],
    "fft_peak": [
        0.015625,
        0.0859375,
        0.150390625
    ],
    "fft_ratio": 1.777294485037143,
    "fft_rel": [
        25.119385198235754,
        47.91890252919521,
        26.961712272569038
    ],
    "fft_resampling_frequency": 4.0,
    "fft_total": 8869.819103636222,
    "fft_window": "hamming",
    "hr_max": 275.22935779816515,
    "hr_mean": 66.20966515733771,
    "hr_min": 41.03967168262654,
    "hr_std": 11.185273743110935,
    "lomb_abs": [
        96.26966876048454,
        202.51480620522986,
        400.46190541603414
    ],
    "lomb_bands": {
        "hf": [
            0.15,
            0.4
        ],
        "lf": [
            0.04,
            0.15
        ],
        "ulf": null,
        "vlf": [
            0.0,
            0.04
        ]
    },
    "lomb_log": [
        4.567153303049403,
        5.310813000936535,
        5.992618644421491
    ],
    "lomb_ma": "n/a",
    "lomb_nfft": 256.0,
    "lomb_norm": [
        33.585842090105714,
        66.41415790989427
    ],
    "lomb_peak": [
        0.036980392156862746,
        0.12701960784313726,
        0.19776470588235295
    ],
    "lomb_ratio": 0.5057030480710522,
    "lomb_rel": [
        13.76763204808108,
        28.961866930890416,
        57.27050102102851
    ],
    "lomb_total": 699.2463803817485,
    "nn20": 892.0,
    "nn50": 523.0,
    "nni_counter": 1182.0,
    "nni_diff_max": 794.0,
    "nni_diff_mean": 59.8077900084674,
    "nni_diff_min": 0.0,
    "nni_max": 1462.0,
    "nni_mean": 920.9720812182741,
    "nni_min": 218.0,
    "pnn20": 75.52921253175275,
    "pnn50": 44.28450465707028,
    "rmssd": 87.05890148936604,
    "sampen": 1.6439782376862766,
    "sd1": 61.55988006503064,
    "sd2": 134.31611932172402,
    "sd_ratio": 2.1818775341965435,
    "sdann": 28.40622147680616,
    "sdnn": 104.49870690520748,
    "sdnn_index": 97.33136244626544,
    "sdsd": 63.29038114946063,
    "tinn": 390.625,
    "tinn_m": 1117.1875,
    "tinn_n": 726.5625,
    "tri_index": 24.122448979591837
}