{
    "Comment": "Analyse HRV",
    "Name": "C:\\Users\\alexa\\OneDrive\\Bureau\\R\u00e9sultat Test Master\\Interface 3\\25\\25MyFirstHRVExport.json",
    "ar_abs": [
        2288.8623488857193,
        4784.27884007605,
        8079.397948086638
    ],
    "ar_bands": {
        "hf": [
            0.15,
            0.4
        ],
        "lf": [
            0.04,
            0.15
        ],
        "ulf": null,
        "vlf": [
            0.0,
            0.04
        ]
    },
    "ar_interpolation": "cubic",
    "ar_log": [
        7.735810182227213,
        8.473090579900981,
        8.997072637363615
    ],
    "ar_nfft": 4096.0,
    "ar_norm": [
        37.19215679049556,
        62.80784320950444
    ],
    "ar_order": 16.0,
    "ar_peak": [
        0.0,
        0.0400390625,
        0.150390625
    ],
    "ar_ratio": 0.5921578403263404,
    "ar_rel": [
        15.105470628941543,
        31.574106470237368,
        53.32042290082109
    ],
    "ar_resampling_frequency": 4.0,
    "ar_total": 15152.539137048407,
    "dfa_alpha1": 1.315638415819613,
    "dfa_alpha1_beats": [
        4,
        5,
        6,
        7,
        8,
        9,
        10,
        11,
        12,
        13,
        14,
        15,
        16
    ],
    "dfa_alpha2": 0.6433094725989453,
    "dfa_alpha2_beats": [
        17,
        18,
        19,
        20,
        21,
        22,
        23,
        24,
        25,
        26,
        27,
        28,
        29,
        30,
        31,
        32,
        33,
        34,
        35,
        36,
        37,
        38,
        39,
        40,
        41,
        42,
        43,
        44,
        45,
        46,
        47,
        48,
        49,
        50,
        51,
        52,
        53,
        54,
        55,
        56,
        57,
        58,
        59,
        60,
        61,
        62,
        63,
        64
    ],
    "ellipse_area": 4710.850887888848,
    "fft_abs": [
        546.4149272465222,
        1550.9119209455403,
        397.83582727879525
    ],
    "fft_bands": {
        "hf": [
            0.15,
            0.4
        ],
        "lf": [
            0.04,
            0.15
        ],
        "ulf": null,
        "vlf": [
            0.0,
            0.04
        ]
    },
    "fft_interpolation": "cubic",
    "fft_log": [
        6.303378627148647,
        7.346598373005362,
        5.986039425910888
    ],
    "fft_nfft": 4096.0,
    "fft_norm": [
        79.58505262462542,
        20.41494737537458
    ],
    "fft_peak": [
        0.013671875,
        0.09765625,
        0.1513671875
    ],
    "fft_ratio": 3.8983716764621423,
    "fft_rel": [
        21.89897005987432,
        62.156745778223474,
        15.944284161902203
    ],
    "fft_resampling_frequency": 4.0,
    "fft_total": 2495.1626754708577,
    "fft_window": "hamming",
    "hr_max": 94.33962264150944,
    "hr_mean": 78.36348519116527,
    "hr_min": 62.43496357960458,
    "hr_std": 5.438278306413222,
    "lomb_abs": [
        58.84174638874733,
        176.0838104162397,
        382.3151685612201
    ],
    "lomb_bands": {
        "hf": [
            0.15,
            0.4
        ],
        "lf": [
            0.04,
            0.15
        ],
        "ulf": null,
        "vlf": [
            0.0,
            0.04
        ]
    },
    "lomb_log": [
        4.074851575591007,
        5.17096007723985,
        5.946245317030658
    ],
    "lomb_ma": "n/a",
    "lomb_nfft": 256.0,
    "lomb_norm": [
        31.533691329214882,
        68.46630867078511
    ],
    "lomb_peak": [
        0.02572549019607843,
        0.11254901960784314,
        0.22027450980392158
    ],
    "lomb_ratio": 0.46057238868889766,
    "lomb_rel": [
        9.53303046454634,
        28.527574928204825,
        61.93939460724883
    ],
    "lomb_total": 617.2407253662071,
    "nn20": 575.0,
    "nn50": 115.0,
    "nni_counter": 1280.0,
    "nni_diff_max": 160.0,
    "nni_diff_mean": 22.758405003909303,
    "nni_diff_min": 0.0,
    "nni_max": 961.0,
    "nni_mean": 769.3203125,
    "nni_min": 636.0,
    "pnn20": 44.95699765441751,
    "pnn50": 8.991399530883502,
    "rmssd": 29.517331678680605,
    "sampen": 1.3608785440103568,
    "sd1": 20.871662853226617,
    "sd2": 71.84431928100518,
    "sd_ratio": 3.4421943180199723,
    "sdann": 14.823346994628096,
    "sdnn": 52.975163991273,
    "sdnn_index": 51.77883238576047,
    "sdsd": 18.804370249758183,
    "tinn": 234.375,
    "tinn_m": 867.1875,
    "tinn_n": 632.8125,
    "tri_index": 15.058823529411764
}