{
    "Comment": "Analyse HRV",
    "Name": "C:\\Users\\alexa\\OneDrive\\Bureau\\R\u00e9sultat Test Master\\Interface 1\\19\\19MyFirstHRVExport.json",
    "ar_abs": [
        2804.2217374337347,
        6435.084025797687,
        13711.090610878353
    ],
    "ar_bands": {
        "hf": [
            0.15,
            0.4
        ],
        "lf": [
            0.04,
            0.15
        ],
        "ulf": null,
        "vlf": [
            0.0,
            0.04
        ]
    },
    "ar_interpolation": "cubic",
    "ar_log": [
        7.938881323998565,
        8.769520177566996,
        9.525960317961347
    ],
    "ar_nfft": 4096.0,
    "ar_norm": [
        31.941964873483418,
        68.05803512651657
    ],
    "ar_order": 16.0,
    "ar_peak": [
        0.0,
        0.0400390625,
        0.1875
    ],
    "ar_ratio": 0.46933422062662933,
    "ar_rel": [
        12.21862006966103,
        28.039097542807895,
        59.74228238753106
    ],
    "ar_resampling_frequency": 4.0,
    "ar_total": 22950.396374109776,
    "dfa_alpha1": 0.5920969786212635,
    "dfa_alpha1_beats": [
        4,
        5,
        6,
        7,
        8,
        9,
        10,
        11,
        12,
        13,
        14,
        15,
        16
    ],
    "dfa_alpha2": 0.8497652586338532,
    "dfa_alpha2_beats": [
        17,
        18,
        19,
        20,
        21,
        22,
        23,
        24,
        25,
        26,
        27,
        28,
        29,
        30,
        31,
        32,
        33,
        34,
        35,
        36,
        37,
        38,
        39,
        40,
        41,
        42,
        43,
        44,
        45,
        46,
        47,
        48,
        49,
        50,
        51,
        52,
        53,
        54,
        55,
        56,
        57,
        58,
        59,
        60,
        61,
        62,
        63,
        64
    ],
    "ellipse_area": 284936.6248841223,
    "fft_abs": [
        41264.839243343085,
        38768.18601496045,
        71844.68943335339
    ],
    "fft_bands": {
        "hf": [
            0.15,
            0.4
        ],
        "lf": [
            0.04,
            0.15
        ],
        "ulf": null,
        "vlf": [
            0.0,
            0.04
        ]
    },
    "fft_interpolation": "cubic",
    "fft_log": [
        10.627766066304742,
        10.56535524120205,
        11.182261976922437
    ],
    "fft_nfft": 4096.0,
    "fft_norm": [
        35.048529258310154,
        64.95147074168985
    ],
    "fft_peak": [
        0.013671875,
        0.078125,
        0.244140625
    ],
    "fft_ratio": 0.5396110181661192,
    "fft_rel": [
        27.169778875800983,
        25.525921359606873,
        47.30429976459213
    ],
    "fft_resampling_frequency": 4.0,
    "fft_total": 151877.71469165693,
    "fft_window": "hamming",
    "hr_max": 5000.0,
    "hr_mean": 112.58896335412204,
    "hr_min": 18.270401948842874,
    "hr_std": 190.07143238490346,
    "lomb_abs": [
        103.45326545269627,
        298.2938027137325,
        704.5345175422673
    ],
    "lomb_bands": {
        "hf": [
            0.15,
            0.4
        ],
        "lf": [
            0.04,
            0.15
        ],
        "ulf": null,
        "vlf": [
            0.0,
            0.04
        ]
    },
    "lomb_log": [
        4.63911996921001,
        5.698078915957029,
        6.557537325940137
    ],
    "lomb_ma": "n/a",
    "lomb_nfft": 256.0,
    "lomb_norm": [
        29.74525117495532,
        70.25474882504467
    ],
    "lomb_peak": [
        0.017686274509803923,
        0.0836078431372549,
        0.28137254901960784
    ],
    "lomb_ratio": 0.4233913247491623,
    "lomb_rel": [
        9.351440608714732,
        26.963641677416355,
        63.68491771386891
    ],
    "lomb_total": 1106.281585708696,
    "nn20": 608.0,
    "nn50": 500.0,
    "nni_counter": 749.0,
    "nni_diff_max": 2379.0,
    "nni_diff_mean": 242.7125668449198,
    "nni_diff_min": 0.0,
    "nni_max": 3284.0,
    "nni_mean": 698.2510013351135,
    "nni_min": 12.0,
    "pnn20": 81.28342245989305,
    "pnn50": 66.84491978609626,
    "rmssd": 371.2627048187103,
    "sampen": 0.9127757897667105,
    "sd1": 262.52235366945206,
    "sd2": 345.4873208650969,
    "sd_ratio": 1.3160301057642807,
    "sdann": 0.15555525052325894,
    "sdnn": 306.87029958008367,
    "sdnn_index": 306.2558550476935,
    "sdsd": 281.1267756578801,
    "tinn": 226.5625,
    "tinn_m": 843.75,
    "tinn_n": 617.1875,
    "tri_index": 26.75
}