{
    "Comment": "Analyse HRV",
    "Name": "C:\\Users\\alexa\\OneDrive\\Bureau\\R\u00e9sultat Test Master\\Interface 3\\27\\27MyFirstHRVExport.json",
    "ar_abs": [
        2413.4829922432673,
        5029.185828577937,
        9910.056250149999
    ],
    "ar_bands": {
        "hf": [
            0.15,
            0.4
        ],
        "lf": [
            0.04,
            0.15
        ],
        "ulf": null,
        "vlf": [
            0.0,
            0.04
        ]
    },
    "ar_interpolation": "cubic",
    "ar_log": [
        7.7888262081493735,
        8.523013386886761,
        9.201305303407823
    ],
    "ar_nfft": 4096.0,
    "ar_norm": [
        33.66426356889296,
        66.33573643110702
    ],
    "ar_order": 16.0,
    "ar_peak": [
        0.0,
        0.0400390625,
        0.150390625
    ],
    "ar_ratio": 0.5074830759413516,
    "ar_rel": [
        13.908380282476227,
        28.98210977243623,
        57.109509945087545
    ],
    "ar_resampling_frequency": 4.0,
    "ar_total": 17352.725070971203,
    "dfa_alpha1": 1.0658095208293483,
    "dfa_alpha1_beats": [
        4,
        5,
        6,
        7,
        8,
        9,
        10,
        11,
        12,
        13,
        14,
        15,
        16
    ],
    "dfa_alpha2": 0.8432628299743088,
    "dfa_alpha2_beats": [
        17,
        18,
        19,
        20,
        21,
        22,
        23,
        24,
        25,
        26,
        27,
        28,
        29,
        30,
        31,
        32,
        33,
        34,
        35,
        36,
        37,
        38,
        39,
        40,
        41,
        42,
        43,
        44,
        45,
        46,
        47,
        48,
        49,
        50,
        51,
        52,
        53,
        54,
        55,
        56,
        57,
        58,
        59,
        60,
        61,
        62,
        63,
        64
    ],
    "ellipse_area": 26780.528470482936,
    "fft_abs": [
        2136.6654293729384,
        3073.3152356510777,
        1758.752593406763
    ],
    "fft_bands": {
        "hf": [
            0.15,
            0.4
        ],
        "lf": [
            0.04,
            0.15
        ],
        "ulf": null,
        "vlf": [
            0.0,
            0.04
        ]
    },
    "fft_interpolation": "cubic",
    "fft_log": [
        7.66700168216981,
        8.030512139248406,
        7.472360083001364
    ],
    "fft_nfft": 4096.0,
    "fft_norm": [
        63.60248540323811,
        36.397514596761894
    ],
    "fft_peak": [
        0.0263671875,
        0.0400390625,
        0.173828125
    ],
    "fft_ratio": 1.7474403433276324,
    "fft_rel": [
        30.660743497220228,
        44.10149049589434,
        25.237766006885437
    ],
    "fft_resampling_frequency": 4.0,
    "fft_total": 6968.733258430779,
    "fft_window": "hamming",
    "hr_max": 789.4736842105264,
    "hr_mean": 69.41585943185058,
    "hr_min": 35.75685339690107,
    "hr_std": 25.66419696826176,
    "lomb_abs": [
        49.163903564794936,
        233.3584005669446,
        439.0463961398347
    ],
    "lomb_bands": {
        "hf": [
            0.15,
            0.4
        ],
        "lf": [
            0.04,
            0.15
        ],
        "ulf": null,
        "vlf": [
            0.0,
            0.04
        ]
    },
    "lomb_log": [
        3.895159686850423,
        5.452575471606189,
        6.084605093458536
    ],
    "lomb_ma": "n/a",
    "lomb_nfft": 256.0,
    "lomb_norm": [
        34.705046976145674,
        65.29495302385432
    ],
    "lomb_peak": [
        0.006431372549019608,
        0.06752941176470588,
        0.28619607843137257
    ],
    "lomb_ratio": 0.5315119372774005,
    "lomb_rel": [
        6.813475078158364,
        32.340427249562836,
        60.8460976722788
    ],
    "lomb_total": 721.5687002715742,
    "nn20": 676.0,
    "nn50": 237.0,
    "nni_counter": 1230.0,
    "nni_diff_max": 892.0,
    "nni_diff_mean": 40.39056143205858,
    "nni_diff_min": 0.0,
    "nni_max": 1678.0,
    "nni_mean": 891.1121951219512,
    "nni_min": 76.0,
    "pnn20": 55.00406834825061,
    "pnn50": 19.283970707892596,
    "rmssd": 86.53300493948419,
    "sampen": 1.005719581553691,
    "sd1": 61.18790280973249,
    "sd2": 139.316867843774,
    "sd_ratio": 2.2768694700484877,
    "sdann": 18.704847938253646,
    "sdnn": 107.66811751370416,
    "sdnn_index": 104.35853095491879,
    "sdsd": 76.55934090344907,
    "tinn": 273.4375,
    "tinn_m": 1023.4375,
    "tinn_n": 750.0,
    "tri_index": 18.636363636363637
}