{
    "Comment": "Analyse HRV",
    "Name": "C:\\Users\\alexa\\OneDrive\\Bureau\\R\u00e9sultat Test Master\\Interface 2\\20\\20MyFirstHRVExport.json",
    "ar_abs": [
        2292.3758848356983,
        4581.181853740801,
        8575.232452957958
    ],
    "ar_bands": {
        "hf": [
            0.15,
            0.4
        ],
        "lf": [
            0.04,
            0.15
        ],
        "ulf": null,
        "vlf": [
            0.0,
            0.04
        ]
    },
    "ar_interpolation": "cubic",
    "ar_log": [
        7.7373440630077415,
        8.429712290488213,
        9.05663337988339
    ],
    "ar_nfft": 4096.0,
    "ar_norm": [
        34.82089988157512,
        65.17910011842487
    ],
    "ar_order": 16.0,
    "ar_peak": [
        0.0,
        0.0400390625,
        0.150390625
    ],
    "ar_ratio": 0.5342341305465788,
    "ar_rel": [
        14.83854629660167,
        29.653984531754286,
        55.50746917164404
    ],
    "ar_resampling_frequency": 4.0,
    "ar_total": 15448.790191534457,
    "dfa_alpha1": 0.9391141290283062,
    "dfa_alpha1_beats": [
        4,
        5,
        6,
        7,
        8,
        9,
        10,
        11,
        12,
        13,
        14,
        15,
        16
    ],
    "dfa_alpha2": 0.9535248082602564,
    "dfa_alpha2_beats": [
        17,
        18,
        19,
        20,
        21,
        22,
        23,
        24,
        25,
        26,
        27,
        28,
        29,
        30,
        31,
        32,
        33,
        34,
        35,
        36,
        37,
        38,
        39,
        40,
        41,
        42,
        43,
        44,
        45,
        46,
        47,
        48,
        49,
        50,
        51,
        52,
        53,
        54,
        55,
        56,
        57,
        58,
        59,
        60,
        61,
        62,
        63,
        64
    ],
    "ellipse_area": 2953.235701615357,
    "fft_abs": [
        398.28708746563444,
        386.743885037905,
        299.0982366659811
    ],
    "fft_bands": {
        "hf": [
            0.15,
            0.4
        ],
        "lf": [
            0.04,
            0.15
        ],
        "ulf": null,
        "vlf": [
            0.0,
            0.04
        ]
    },
    "fft_interpolation": "cubic",
    "fft_log": [
        5.987173070544926,
        5.957762678178611,
        5.700772070152062
    ],
    "fft_nfft": 4096.0,
    "fft_norm": [
        56.3896373231043,
        43.610362676895704
    ],
    "fft_peak": [
        0.0205078125,
        0.0400390625,
        0.150390625
    ],
    "fft_ratio": 1.2930329825708815,
    "fft_rel": [
        36.73797219897209,
        35.67322804024105,
        27.588799760786852
    ],
    "fft_resampling_frequency": 4.0,
    "fft_total": 1084.1292091695207,
    "fft_window": "hamming",
    "hr_max": 86.70520231213872,
    "hr_mean": 76.89869558612095,
    "hr_min": 48.701298701298704,
    "hr_std": 3.237241551287478,
    "lomb_abs": [
        81.29482863459884,
        242.594188653039,
        619.2366592261982
    ],
    "lomb_bands": {
        "hf": [
            0.15,
            0.4
        ],
        "lf": [
            0.04,
            0.15
        ],
        "ulf": null,
        "vlf": [
            0.0,
            0.04
        ]
    },
    "lomb_log": [
        4.398082406100144,
        5.4913900417837915,
        6.428487524699696
    ],
    "lomb_ma": "n/a",
    "lomb_nfft": 256.0,
    "lomb_norm": [
        28.148701018303786,
        71.85129898169622
    ],
    "lomb_peak": [
        0.014470588235294117,
        0.12701960784313726,
        0.1672156862745098
    ],
    "lomb_ratio": 0.39176328635999386,
    "lomb_rel": [
        8.61972382462288,
        25.72236073030719,
        65.65791544506993
    ],
    "lomb_total": 943.125676513836,
    "nn20": 365.0,
    "nn50": 26.0,
    "nni_counter": 887.0,
    "nni_diff_max": 384.0,
    "nni_diff_mean": 20.391647855530476,
    "nni_diff_min": 0.0,
    "nni_max": 1232.0,
    "nni_mean": 781.7181510710259,
    "nni_min": 692.0,
    "pnn20": 41.19638826185101,
    "pnn50": 2.9345372460496613,
    "rmssd": 29.14478917219419,
    "sampen": 1.5996734133697397,
    "sd1": 20.60836640812528,
    "sd2": 45.61468393168997,
    "sd_ratio": 2.213406100626463,
    "sdann": 5.838425604732596,
    "sdnn": 35.423582230873336,
    "sdnn_index": 32.10464007433194,
    "sdsd": 20.834811649989625,
    "tinn": 140.625,
    "tinn_m": 843.75,
    "tinn_n": 703.125,
    "tri_index": 9.53763440860215
}