{
    "Comment": "Analyse HRV",
    "Name": "C:\\Users\\alexa\\OneDrive\\Bureau\\R\u00e9sultat Test Master\\Interface 3\\3\\3MyFirstHRVExport.json",
    "ar_abs": [
        2275.867249888298,
        4637.534307516428,
        8745.25711137223
    ],
    "ar_bands": {
        "hf": [
            0.15,
            0.4
        ],
        "lf": [
            0.04,
            0.15
        ],
        "ulf": null,
        "vlf": [
            0.0,
            0.04
        ]
    },
    "ar_interpolation": "cubic",
    "ar_log": [
        7.730116467485567,
        8.441938104735534,
        9.076266787977875
    ],
    "ar_nfft": 4096.0,
    "ar_norm": [
        34.65296710050303,
        65.34703289949698
    ],
    "ar_order": 16.0,
    "ar_peak": [
        0.0,
        0.0400390625,
        0.150390625
    ],
    "ar_ratio": 0.5302913623300832,
    "ar_rel": [
        14.534241393398084,
        29.61642121214109,
        55.84933739446082
    ],
    "ar_resampling_frequency": 4.0,
    "ar_total": 15658.658668776956,
    "dfa_alpha1": 1.1448967967403296,
    "dfa_alpha1_beats": [
        4,
        5,
        6,
        7,
        8,
        9,
        10,
        11,
        12,
        13,
        14,
        15,
        16
    ],
    "dfa_alpha2": 0.7881090354428212,
    "dfa_alpha2_beats": [
        17,
        18,
        19,
        20,
        21,
        22,
        23,
        24,
        25,
        26,
        27,
        28,
        29,
        30,
        31,
        32,
        33,
        34,
        35,
        36,
        37,
        38,
        39,
        40,
        41,
        42,
        43,
        44,
        45,
        46,
        47,
        48,
        49,
        50,
        51,
        52,
        53,
        54,
        55,
        56,
        57,
        58,
        59,
        60,
        61,
        62,
        63,
        64
    ],
    "ellipse_area": 6325.5677787724735,
    "fft_abs": [
        714.2540232736503,
        1313.0612662490291,
        661.5647658263028
    ],
    "fft_bands": {
        "hf": [
            0.15,
            0.4
        ],
        "lf": [
            0.04,
            0.15
        ],
        "ulf": null,
        "vlf": [
            0.0,
            0.04
        ]
    },
    "fft_interpolation": "cubic",
    "fft_log": [
        6.571238673959772,
        7.18011653448535,
        6.494607886285137
    ],
    "fft_nfft": 4096.0,
    "fft_norm": [
        66.49670595444353,
        33.50329404555648
    ],
    "fft_peak": [
        0.017578125,
        0.0400390625,
        0.150390625
    ],
    "fft_ratio": 1.9847811341781463,
    "fft_rel": [
        26.563253420426342,
        48.83301743552895,
        24.6037291440447
    ],
    "fft_resampling_frequency": 4.0,
    "fft_total": 2688.8800553489823,
    "fft_window": "hamming",
    "hr_max": 106.76156583629893,
    "hr_mean": 83.16097407564709,
    "hr_min": 50.2092050209205,
    "hr_std": 6.441023686629724,
    "lomb_abs": [
        58.387237992915054,
        146.84235265481323,
        342.84965910834904
    ],
    "lomb_bands": {
        "hf": [
            0.15,
            0.4
        ],
        "lf": [
            0.04,
            0.15
        ],
        "ulf": null,
        "vlf": [
            0.0,
            0.04
        ]
    },
    "lomb_log": [
        4.067097338434986,
        4.989359580393591,
        5.8372920394418495
    ],
    "lomb_ma": "n/a",
    "lomb_nfft": 256.0,
    "lomb_norm": [
        29.98667511975527,
        70.01332488024474
    ],
    "lomb_peak": [
        0.009647058823529411,
        0.11898039215686275,
        0.26207843137254905
    ],
    "lomb_ratio": 0.42829954399460957,
    "lomb_rel": [
        10.653064865874832,
        26.792175168128583,
        62.55475996599657
    ],
    "lomb_total": 548.0792497560774,
    "nn20": 801.0,
    "nn50": 192.0,
    "nni_counter": 1551.0,
    "nni_diff_max": 514.0,
    "nni_diff_mean": 26.940645161290323,
    "nni_diff_min": 0.0,
    "nni_max": 1195.0,
    "nni_mean": 725.8027079303675,
    "nni_min": 562.0,
    "pnn20": 51.677419354838705,
    "pnn50": 12.387096774193548,
    "rmssd": 38.048322416496596,
    "sampen": 1.5092685600323132,
    "sd1": 26.90421633513417,
    "sd2": 74.83922722846626,
    "sd_ratio": 2.781691400939779,
    "sdann": 12.963919916099107,
    "sdnn": 56.2390842663178,
    "sdnn_index": 54.40126010687546,
    "sdsd": 26.87643027683051,
    "tinn": 234.375,
    "tinn_m": 843.75,
    "tinn_n": 609.375,
    "tri_index": 15.666666666666666
}