{
    "Comment": "Analyse HRV",
    "Name": "C:\\Users\\alexa\\OneDrive\\Bureau\\R\u00e9sultat Test Master\\Interface 2\\17\\17MyFirstHRVExport.json",
    "ar_abs": [
        2417.3599544384447,
        5097.17946488225,
        10987.134474381483
    ],
    "ar_bands": {
        "hf": [
            0.15,
            0.4
        ],
        "lf": [
            0.04,
            0.15
        ],
        "ulf": null,
        "vlf": [
            0.0,
            0.04
        ]
    },
    "ar_interpolation": "cubic",
    "ar_log": [
        7.790431295737739,
        8.536442619624493,
        9.304480274034507
    ],
    "ar_nfft": 4096.0,
    "ar_norm": [
        31.690375381441825,
        68.30962461855819
    ],
    "ar_order": 16.0,
    "ar_peak": [
        0.0,
        0.0400390625,
        0.259765625
    ],
    "ar_ratio": 0.46392255203276683,
    "ar_rel": [
        13.065628376799435,
        27.5498287028899,
        59.384542920310665
    ],
    "ar_resampling_frequency": 4.0,
    "ar_total": 18501.673893702176,
    "dfa_alpha1": 0.8335114170280686,
    "dfa_alpha1_beats": [
        4,
        5,
        6,
        7,
        8,
        9,
        10,
        11,
        12,
        13,
        14,
        15,
        16
    ],
    "dfa_alpha2": 0.5155494909362016,
    "dfa_alpha2_beats": [
        17,
        18,
        19,
        20,
        21,
        22,
        23,
        24,
        25,
        26,
        27,
        28,
        29,
        30,
        31,
        32,
        33,
        34,
        35,
        36,
        37,
        38,
        39,
        40,
        41,
        42,
        43,
        44,
        45,
        46,
        47,
        48,
        49,
        50,
        51,
        52,
        53,
        54,
        55,
        56,
        57,
        58,
        59,
        60,
        61,
        62,
        63,
        64
    ],
    "ellipse_area": 11306.507518801676,
    "fft_abs": [
        1566.9386050346752,
        4525.142959097494,
        6956.466423767406
    ],
    "fft_bands": {
        "hf": [
            0.15,
            0.4
        ],
        "lf": [
            0.04,
            0.15
        ],
        "ulf": null,
        "vlf": [
            0.0,
            0.04
        ]
    },
    "fft_interpolation": "cubic",
    "fft_log": [
        7.356879061648885,
        8.417404448805689,
        8.847426926671766
    ],
    "fft_nfft": 4096.0,
    "fft_norm": [
        39.41209640741477,
        60.587903592585235
    ],
    "fft_peak": [
        0.0390625,
        0.0400390625,
        0.1513671875
    ],
    "fft_ratio": 0.6504944728313398,
    "fft_rel": [
        12.00852850821224,
        34.67928357464627,
        53.312187917141486
    ],
    "fft_resampling_frequency": 4.0,
    "fft_total": 13048.547987899576,
    "fft_window": "hamming",
    "hr_max": 6666.666666666667,
    "hr_mean": 93.2171390676507,
    "hr_min": 43.7956204379562,
    "hr_std": 184.81879480192597,
    "lomb_abs": [
        39.03522759316941,
        173.73517029638467,
        395.42931688137094
    ],
    "lomb_bands": {
        "hf": [
            0.15,
            0.4
        ],
        "lf": [
            0.04,
            0.15
        ],
        "ulf": null,
        "vlf": [
            0.0,
            0.04
        ]
    },
    "lomb_log": [
        3.664464510045059,
        5.157532129990139,
        5.979972052857347
    ],
    "lomb_ma": "n/a",
    "lomb_nfft": 256.0,
    "lomb_norm": [
        30.524597758701255,
        69.47540224129874
    ],
    "lomb_peak": [
        0.001607843137254902,
        0.0803921568627451,
        0.29101960784313724
    ],
    "lomb_ratio": 0.43935834516919575,
    "lomb_rel": [
        6.4181594705074465,
        28.565480396816863,
        65.01636013267567
    ],
    "lomb_total": 608.1997147709251,
    "nn20": 142.0,
    "nn50": 23.0,
    "nni_counter": 1268.0,
    "nni_diff_max": 838.0,
    "nni_diff_mean": 18.062352012628256,
    "nni_diff_min": 0.0,
    "nni_max": 1370.0,
    "nni_mean": 684.313880126183,
    "nni_min": 9.0,
    "pnn20": 11.207576953433307,
    "pnn50": 1.8153117600631412,
    "rmssd": 72.7690175361791,
    "sampen": 0.5841693189638295,
    "sd1": 51.45546507912965,
    "sd2": 69.94345723843587,
    "sd_ratio": 1.3593008464868575,
    "sdann": 5.090386065953665,
    "sdnn": 61.39989559383889,
    "sdnn_index": 60.211854791528886,
    "sdsd": 70.51954606857599,
    "tinn": 93.75,
    "tinn_m": 726.5625,
    "tinn_n": 632.8125,
    "tri_index": 6.604166666666667
}