{
    "Comment": "Analyse HRV",
    "Name": "C:\\Users\\alexa\\OneDrive\\Bureau\\R\u00e9sultat Test Master\\Interface 1\\16\\16MyFirstHRVExport.json",
    "ar_abs": [
        2375.3782969281897,
        4939.743523664044,
        8867.720775169357
    ],
    "ar_bands": {
        "hf": [
            0.15,
            0.4
        ],
        "lf": [
            0.04,
            0.15
        ],
        "ulf": null,
        "vlf": [
            0.0,
            0.04
        ]
    },
    "ar_interpolation": "cubic",
    "ar_log": [
        7.772911986701697,
        8.505068690547537,
        9.090173083453085
    ],
    "ar_nfft": 4096.0,
    "ar_norm": [
        35.77589205920601,
        64.22410794079398
    ],
    "ar_order": 16.0,
    "ar_peak": [
        0.0,
        0.0400390625,
        0.150390625
    ],
    "ar_ratio": 0.5570477069480917,
    "ar_rel": [
        14.678374845902036,
        30.524572518290455,
        54.79705263580751
    ],
    "ar_resampling_frequency": 4.0,
    "ar_total": 16182.842595761591,
    "dfa_alpha1": 1.281939986411832,
    "dfa_alpha1_beats": [
        4,
        5,
        6,
        7,
        8,
        9,
        10,
        11,
        12,
        13,
        14,
        15,
        16
    ],
    "dfa_alpha2": 0.6854336959181405,
    "dfa_alpha2_beats": [
        17,
        18,
        19,
        20,
        21,
        22,
        23,
        24,
        25,
        26,
        27,
        28,
        29,
        30,
        31,
        32,
        33,
        34,
        35,
        36,
        37,
        38,
        39,
        40,
        41,
        42,
        43,
        44,
        45,
        46,
        47,
        48,
        49,
        50,
        51,
        52,
        53,
        54,
        55,
        56,
        57,
        58,
        59,
        60,
        61,
        62,
        63,
        64
    ],
    "ellipse_area": 5864.308200015665,
    "fft_abs": [
        739.9219749399844,
        1703.603428533046,
        556.5703281432667
    ],
    "fft_bands": {
        "hf": [
            0.15,
            0.4
        ],
        "lf": [
            0.04,
            0.15
        ],
        "ulf": null,
        "vlf": [
            0.0,
            0.04
        ]
    },
    "fft_interpolation": "cubic",
    "fft_log": [
        6.606544741368813,
        7.4405009505693664,
        6.321793538549836
    ],
    "fft_nfft": 4096.0,
    "fft_norm": [
        75.37488759440653,
        24.62511240559347
    ],
    "fft_peak": [
        0.0185546875,
        0.0908203125,
        0.1572265625
    ],
    "fft_ratio": 3.060895168839331,
    "fft_rel": [
        24.663278812818167,
        56.78496891214976,
        18.55175227503208
    ],
    "fft_resampling_frequency": 4.0,
    "fft_total": 3000.095731616297,
    "fft_window": "hamming",
    "hr_max": 91.6030534351145,
    "hr_mean": 76.98894440773311,
    "hr_min": 57.58157389635317,
    "hr_std": 5.2674601899820335,
    "lomb_abs": [
        124.28152388350118,
        387.22887533641733,
        709.0044521365436
    ],
    "lomb_bands": {
        "hf": [
            0.15,
            0.4
        ],
        "lf": [
            0.04,
            0.15
        ],
        "ulf": null,
        "vlf": [
            0.0,
            0.04
        ]
    },
    "lomb_log": [
        4.822549346145047,
        5.959015927354348,
        6.5638618059715705
    ],
    "lomb_ma": "n/a",
    "lomb_nfft": 256.0,
    "lomb_norm": [
        35.323581725895714,
        64.6764182741043
    ],
    "lomb_peak": [
        0.01607843137254902,
        0.05788235294117647,
        0.20419607843137255
    ],
    "lomb_ratio": 0.5461585948713378,
    "lomb_rel": [
        10.182712954731894,
        31.726682793417627,
        58.090604251850486
    ],
    "lomb_total": 1220.514851356462,
    "nn20": 319.0,
    "nn50": 78.0,
    "nni_counter": 619.0,
    "nni_diff_max": 200.0,
    "nni_diff_mean": 26.92556634304207,
    "nni_diff_min": 0.0,
    "nni_max": 1042.0,
    "nni_mean": 783.0452342487883,
    "nni_min": 655.0,
    "pnn20": 51.61812297734628,
    "pnn50": 12.62135922330097,
    "rmssd": 36.12008020720272,
    "sampen": 1.4903873433950534,
    "sd1": 25.540743399967525,
    "sd2": 73.08586310357866,
    "sd_ratio": 2.8615401658070607,
    "sdann": 8.999894051655549,
    "sdnn": 54.74581944466938,
    "sdnn_index": 55.71360071146256,
    "sdsd": 24.09592445723114,
    "tinn": 195.3125,
    "tinn_m": 890.625,
    "tinn_n": 695.3125,
    "tri_index": 14.068181818181818
}