{
    "Comment": "Analyse HRV",
    "Name": "C:\\Users\\alexa\\OneDrive\\Bureau\\R\u00e9sultat Test Master\\Interface 2\\29\\29MyFirstHRVExport.json",
    "ar_abs": [
        2361.8380117546976,
        4905.398849915669,
        10198.784461989975
    ],
    "ar_bands": {
        "hf": [
            0.15,
            0.4
        ],
        "lf": [
            0.04,
            0.15
        ],
        "ulf": null,
        "vlf": [
            0.0,
            0.04
        ]
    },
    "ar_interpolation": "cubic",
    "ar_log": [
        7.767195413437997,
        8.498091683661098,
        9.230023821777868
    ],
    "ar_nfft": 4096.0,
    "ar_norm": [
        32.477087629418946,
        67.52291237058105
    ],
    "ar_order": 16.0,
    "ar_peak": [
        0.0,
        0.0400390625,
        0.150390625
    ],
    "ar_ratio": 0.48097877430371083,
    "ar_rel": [
        13.5224729661542,
        28.085382234536567,
        58.39214479930924
    ],
    "ar_resampling_frequency": 4.0,
    "ar_total": 17466.02132366034,
    "dfa_alpha1": 0.8475189763743439,
    "dfa_alpha1_beats": [
        4,
        5,
        6,
        7,
        8,
        9,
        10,
        11,
        12,
        13,
        14,
        15,
        16
    ],
    "dfa_alpha2": 0.5931475776092107,
    "dfa_alpha2_beats": [
        17,
        18,
        19,
        20,
        21,
        22,
        23,
        24,
        25,
        26,
        27,
        28,
        29,
        30,
        31,
        32,
        33,
        34,
        35,
        36,
        37,
        38,
        39,
        40,
        41,
        42,
        43,
        44,
        45,
        46,
        47,
        48,
        49,
        50,
        51,
        52,
        53,
        54,
        55,
        56,
        57,
        58,
        59,
        60,
        61,
        62,
        63,
        64
    ],
    "ellipse_area": 31312.706529148785,
    "fft_abs": [
        941.7094852474586,
        1637.6292264056294,
        1988.1050127193787
    ],
    "fft_bands": {
        "hf": [
            0.15,
            0.4
        ],
        "lf": [
            0.04,
            0.15
        ],
        "ulf": null,
        "vlf": [
            0.0,
            0.04
        ]
    },
    "fft_interpolation": "cubic",
    "fft_log": [
        6.847696824937902,
        7.4010048812845675,
        7.594937209120904
    ],
    "fft_nfft": 4096.0,
    "fft_norm": [
        45.16683017564011,
        54.83316982435989
    ],
    "fft_peak": [
        0.017578125,
        0.1083984375,
        0.3544921875
    ],
    "fft_ratio": 0.8237136448670989,
    "fft_rel": [
        20.61786728148123,
        35.85439307477461,
        43.52773964374415
    ],
    "fft_resampling_frequency": 4.0,
    "fft_total": 4567.443724372467,
    "fft_window": "hamming",
    "hr_max": 869.5652173913044,
    "hr_mean": 93.95413005270996,
    "hr_min": 49.958368026644465,
    "hr_std": 46.11070766768651,
    "lomb_abs": [
        141.47652086224238,
        326.7282843197336,
        801.740879392659
    ],
    "lomb_bands": {
        "hf": [
            0.15,
            0.4
        ],
        "lf": [
            0.04,
            0.15
        ],
        "ulf": null,
        "vlf": [
            0.0,
            0.04
        ]
    },
    "lomb_log": [
        4.952133773013163,
        5.789128890677533,
        6.6867854626341074
    ],
    "lomb_ma": "n/a",
    "lomb_nfft": 256.0,
    "lomb_norm": [
        28.95323105195679,
        71.04676894804321
    ],
    "lomb_peak": [
        0.035372549019607846,
        0.04501960784313726,
        0.2669019607843137
    ],
    "lomb_ratio": 0.407523543725548,
    "lomb_rel": [
        11.140359983949203,
        25.727736885784243,
        63.131903130266565
    ],
    "lomb_total": 1269.945684574635,
    "nn20": 333.0,
    "nn50": 163.0,
    "nni_counter": 645.0,
    "nni_diff_max": 789.0,
    "nni_diff_mean": 59.01086956521739,
    "nni_diff_min": 0.0,
    "nni_max": 1201.0,
    "nni_mean": 674.7612403100775,
    "nni_min": 69.0,
    "pnn20": 51.70807453416148,
    "pnn50": 25.310559006211182,
    "rmssd": 119.08893930940232,
    "sampen": 0.9235467950300569,
    "sd1": 84.20854236855827,
    "sd2": 118.36262415962818,
    "sd_ratio": 1.4055892766981601,
    "sdann": 0.6183262303013435,
    "sdnn": 102.73335224285984,
    "sdnn_index": 104.43605635974497,
    "sdsd": 103.5206902927275,
    "tinn": 250.0,
    "tinn_m": 812.5,
    "tinn_n": 562.5,
    "tri_index": 18.428571428571427
}