{
    "Comment": "Analyse HRV",
    "Name": "C:\\Users\\alexa\\OneDrive\\Bureau\\R\u00e9sultat Test Master\\Interface 3\\24\\24MyFirstHRVExport.json",
    "ar_abs": [
        2338.577927756388,
        4698.986271987512,
        8442.305235239583
    ],
    "ar_bands": {
        "hf": [
            0.15,
            0.4
        ],
        "lf": [
            0.04,
            0.15
        ],
        "ulf": null,
        "vlf": [
            0.0,
            0.04
        ]
    },
    "ar_interpolation": "cubic",
    "ar_log": [
        7.757298300432134,
        8.455102077623236,
        9.041010682433603
    ],
    "ar_nfft": 4096.0,
    "ar_norm": [
        35.757415999814704,
        64.24258400018529
    ],
    "ar_order": 16.0,
    "ar_peak": [
        0.0,
        0.0400390625,
        0.150390625
    ],
    "ar_ratio": 0.556599902639526,
    "ar_rel": [
        15.10721997739436,
        30.355464506490687,
        54.53731551611495
    ],
    "ar_resampling_frequency": 4.0,
    "ar_total": 15479.869434983482,
    "dfa_alpha1": 1.3093595576799348,
    "dfa_alpha1_beats": [
        4,
        5,
        6,
        7,
        8,
        9,
        10,
        11,
        12,
        13,
        14,
        15,
        16
    ],
    "dfa_alpha2": 1.0435945193161453,
    "dfa_alpha2_beats": [
        17,
        18,
        19,
        20,
        21,
        22,
        23,
        24,
        25,
        26,
        27,
        28,
        29,
        30,
        31,
        32,
        33,
        34,
        35,
        36,
        37,
        38,
        39,
        40,
        41,
        42,
        43,
        44,
        45,
        46,
        47,
        48,
        49,
        50,
        51,
        52,
        53,
        54,
        55,
        56,
        57,
        58,
        59,
        60,
        61,
        62,
        63,
        64
    ],
    "ellipse_area": 3326.3456288061907,
    "fft_abs": [
        810.4048004148319,
        592.8881053709939,
        226.8792760362982
    ],
    "fft_bands": {
        "hf": [
            0.15,
            0.4
        ],
        "lf": [
            0.04,
            0.15
        ],
        "ulf": null,
        "vlf": [
            0.0,
            0.04
        ]
    },
    "fft_interpolation": "cubic",
    "fft_log": [
        6.6975338764298025,
        6.385005688732682,
        5.424418052384414
    ],
    "fft_nfft": 4096.0,
    "fft_norm": [
        72.32394442837978,
        27.676055571620235
    ],
    "fft_peak": [
        0.017578125,
        0.0400390625,
        0.18359375
    ],
    "fft_ratio": 2.6132316522207977,
    "fft_rel": [
        49.712834598183505,
        36.36966155981717,
        13.917503841999315
    ],
    "fft_resampling_frequency": 4.0,
    "fft_total": 1630.1721818221242,
    "fft_window": "hamming",
    "hr_max": 99.33774834437087,
    "hr_mean": 80.84914363279171,
    "hr_min": 66.2251655629139,
    "hr_std": 5.447106443956005,
    "lomb_abs": [
        131.04000467289876,
        288.91425190207667,
        647.5759390303145
    ],
    "lomb_bands": {
        "hf": [
            0.15,
            0.4
        ],
        "lf": [
            0.04,
            0.15
        ],
        "ulf": null,
        "vlf": [
            0.0,
            0.04
        ]
    },
    "lomb_log": [
        4.875502655764853,
        5.666129937865245,
        6.4732360670525875
    ],
    "lomb_ma": "n/a",
    "lomb_nfft": 256.0,
    "lomb_norm": [
        30.850750461617434,
        69.14924953838256
    ],
    "lomb_peak": [
        0.038588235294117645,
        0.05305882352941176,
        0.3360392156862745
    ],
    "lomb_ratio": 0.4461472925240231,
    "lomb_rel": [
        12.27506305792119,
        27.063801388611985,
        60.66113555346683
    ],
    "lomb_total": 1067.53019560529,
    "nn20": 249.0,
    "nn50": 14.0,
    "nni_counter": 698.0,
    "nni_diff_max": 75.0,
    "nni_diff_mean": 17.57819225251076,
    "nni_diff_min": 0.0,
    "nni_max": 906.0,
    "nni_mean": 745.448424068768,
    "nni_min": 604.0,
    "pnn20": 35.724533715925396,
    "pnn50": 2.008608321377331,
    "rmssd": 21.85750119936077,
    "sampen": 1.3123180227611417,
    "sd1": 15.455490227118414,
    "sd2": 68.50696308910655,
    "sd_ratio": 4.432532522902657,
    "sdann": 31.84006007953305,
    "sdnn": 49.67282689851299,
    "sdnn_index": 42.82513230152075,
    "sdsd": 12.999999365729325,
    "tinn": 187.5,
    "tinn_m": 843.75,
    "tinn_n": 656.25,
    "tri_index": 12.03448275862069
}