{
    "Comment": "Analyse HRV",
    "Name": "C:\\Users\\alexa\\OneDrive\\Bureau\\R\u00e9sultat Test Master\\Interface 2\\5\\5MyFirstHRVExport.json",
    "ar_abs": [
        2212.8808716648214,
        4510.58550889339,
        7327.397049736277
    ],
    "ar_bands": {
        "hf": [
            0.15,
            0.4
        ],
        "lf": [
            0.04,
            0.15
        ],
        "ulf": null,
        "vlf": [
            0.0,
            0.04
        ]
    },
    "ar_interpolation": "cubic",
    "ar_log": [
        7.702050507451998,
        8.414182248658577,
        8.899375622638006
    ],
    "ar_nfft": 4096.0,
    "ar_norm": [
        38.1026537803543,
        61.89734621964569
    ],
    "ar_order": 16.0,
    "ar_peak": [
        0.0,
        0.0400390625,
        0.150390625
    ],
    "ar_ratio": 0.6155781484580165,
    "ar_rel": [
        15.749073945831116,
        32.10183866116229,
        52.149087393006596
    ],
    "ar_resampling_frequency": 4.0,
    "ar_total": 14050.863430294488,
    "dfa_alpha1": 1.5473139148132522,
    "dfa_alpha1_beats": [
        4,
        5,
        6,
        7,
        8,
        9,
        10,
        11,
        12,
        13,
        14,
        15,
        16
    ],
    "dfa_alpha2": 0.7187277074877287,
    "dfa_alpha2_beats": [
        17,
        18,
        19,
        20,
        21,
        22,
        23,
        24,
        25,
        26,
        27,
        28,
        29,
        30,
        31,
        32,
        33,
        34,
        35,
        36,
        37,
        38,
        39,
        40,
        41,
        42,
        43,
        44,
        45,
        46,
        47,
        48,
        49,
        50,
        51,
        52,
        53,
        54,
        55,
        56,
        57,
        58,
        59,
        60,
        61,
        62,
        63,
        64
    ],
    "ellipse_area": 2700.724321990877,
    "fft_abs": [
        512.7435091797448,
        1263.3636767281782,
        152.1705747231783
    ],
    "fft_bands": {
        "hf": [
            0.15,
            0.4
        ],
        "lf": [
            0.04,
            0.15
        ],
        "ulf": null,
        "vlf": [
            0.0,
            0.04
        ]
    },
    "fft_interpolation": "cubic",
    "fft_log": [
        6.239775738032278,
        7.141533027638269,
        5.025002093774324
    ],
    "fft_nfft": 4096.0,
    "fft_norm": [
        89.24995459720195,
        10.750045402798047
    ],
    "fft_peak": [
        0.0390625,
        0.04296875,
        0.150390625
    ],
    "fft_ratio": 8.302286293039447,
    "fft_rel": [
        26.59074950965209,
        65.51772273278176,
        7.891527757566149
    ],
    "fft_resampling_frequency": 4.0,
    "fft_total": 1928.2777606311013,
    "fft_window": "hamming",
    "hr_max": 128.4796573875803,
    "hr_mean": 91.73883717606262,
    "hr_min": 68.41505131128848,
    "hr_std": 6.154825886803708,
    "lomb_abs": [
        35.71512351564497,
        92.94562866450848,
        300.8318943308947
    ],
    "lomb_bands": {
        "hf": [
            0.15,
            0.4
        ],
        "lf": [
            0.04,
            0.15
        ],
        "ulf": null,
        "vlf": [
            0.0,
            0.04
        ]
    },
    "lomb_log": [
        3.5755742269698474,
        4.5320146841697735,
        5.706551618139878
    ],
    "lomb_ma": "n/a",
    "lomb_nfft": 256.0,
    "lomb_norm": [
        23.603589142794593,
        76.3964108572054
    ],
    "lomb_peak": [
        0.035372549019607846,
        0.061098039215686274,
        0.3103137254901961
    ],
    "lomb_ratio": 0.30896201638206144,
    "lomb_rel": [
        8.315654250608047,
        21.640796278945736,
        70.04354947044622
    ],
    "lomb_total": 429.4926465110482,
    "nn20": 370.0,
    "nn50": 35.0,
    "nni_counter": 2052.0,
    "nni_diff_max": 248.0,
    "nni_diff_mean": 13.16869819600195,
    "nni_diff_min": 0.0,
    "nni_max": 877.0,
    "nni_mean": 656.9892787524367,
    "nni_min": 467.0,
    "pnn20": 18.039980497318382,
    "pnn50": 1.7064846416382253,
    "rmssd": 19.852982316888696,
    "sampen": 0.9696736998199169,
    "sd1": 14.038149258546552,
    "sd2": 61.23793355618713,
    "sd_ratio": 4.362251207644407,
    "sdann": 8.120808552557126,
    "sdnn": 44.43481008412618,
    "sdnn_index": 41.79227932530636,
    "sdsd": 14.860483372373094,
    "tinn": 179.6875,
    "tinn_m": 750.0,
    "tinn_n": 570.3125,
    "tri_index": 11.793103448275861
}