{
    "Comment": "Analyse HRV",
    "Name": "C:\\Users\\alexa\\OneDrive\\Bureau\\R\u00e9sultat Test Master\\Interface 1\\22\\22MyFirstHRVExport.json",
    "ar_abs": [
        2341.9049793672234,
        4689.024081416361,
        8900.775525150908
    ],
    "ar_bands": {
        "hf": [
            0.15,
            0.4
        ],
        "lf": [
            0.04,
            0.15
        ],
        "ulf": null,
        "vlf": [
            0.0,
            0.04
        ]
    },
    "ar_interpolation": "cubic",
    "ar_log": [
        7.758719970903846,
        8.45297975480179,
        9.093893689581371
    ],
    "ar_nfft": 4096.0,
    "ar_norm": [
        34.50399724180179,
        65.49600275819822
    ],
    "ar_order": 16.0,
    "ar_peak": [
        0.0,
        0.0400390625,
        0.150390625
    ],
    "ar_ratio": 0.5268107333081924,
    "ar_rel": [
        14.699651043208545,
        29.432030051298625,
        55.86831890549283
    ],
    "ar_resampling_frequency": 4.0,
    "ar_total": 15931.704585934493,
    "dfa_alpha1": 0.9910215905593085,
    "dfa_alpha1_beats": [
        4,
        5,
        6,
        7,
        8,
        9,
        10,
        11,
        12,
        13,
        14,
        15,
        16
    ],
    "dfa_alpha2": 0.9178453399523044,
    "dfa_alpha2_beats": [
        17,
        18,
        19,
        20,
        21,
        22,
        23,
        24,
        25,
        26,
        27,
        28,
        29,
        30,
        31,
        32,
        33,
        34,
        35,
        36,
        37,
        38,
        39,
        40,
        41,
        42,
        43,
        44,
        45,
        46,
        47,
        48,
        49,
        50,
        51,
        52,
        53,
        54,
        55,
        56,
        57,
        58,
        59,
        60,
        61,
        62,
        63,
        64
    ],
    "ellipse_area": 8774.624733493516,
    "fft_abs": [
        876.3767425971331,
        623.4058696843371,
        566.670986944585
    ],
    "fft_bands": {
        "hf": [
            0.15,
            0.4
        ],
        "lf": [
            0.04,
            0.15
        ],
        "ulf": null,
        "vlf": [
            0.0,
            0.04
        ]
    },
    "fft_interpolation": "cubic",
    "fft_log": [
        6.775796069940084,
        6.435197782887783,
        6.339778865366991
    ],
    "fft_nfft": 4096.0,
    "fft_norm": [
        52.383664652569685,
        47.616335347430315
    ],
    "fft_peak": [
        0.0146484375,
        0.087890625,
        0.359375
    ],
    "fft_ratio": 1.1001196179914892,
    "fft_rel": [
        42.40969857369944,
        30.167910371557337,
        27.422391054743215
    ],
    "fft_resampling_frequency": 4.0,
    "fft_total": 2066.4535992260553,
    "fft_window": "hamming",
    "hr_max": 220.58823529411765,
    "hr_mean": 87.09604565762963,
    "hr_min": 68.41505131128848,
    "hr_std": 11.988368616805497,
    "lomb_abs": [
        129.5285858266483,
        341.80119757761383,
        767.8255673447551
    ],
    "lomb_bands": {
        "hf": [
            0.15,
            0.4
        ],
        "lf": [
            0.04,
            0.15
        ],
        "ulf": null,
        "vlf": [
            0.0,
            0.04
        ]
    },
    "lomb_log": [
        4.863901596754228,
        5.834229274413251,
        6.643562581497506
    ],
    "lomb_ma": "n/a",
    "lomb_nfft": 256.0,
    "lomb_norm": [
        30.803258211018978,
        69.19674178898103
    ],
    "lomb_peak": [
        0.035372549019607846,
        0.0868235294117647,
        0.2636862745098039
    ],
    "lomb_ratio": 0.4451547488313117,
    "lomb_rel": [
        10.452973934894745,
        27.583401659122842,
        61.96362440598242
    ],
    "lomb_total": 1239.155350749017,
    "nn20": 247.0,
    "nn50": 64.0,
    "nni_counter": 698.0,
    "nni_diff_max": 463.0,
    "nni_diff_mean": 23.532281205164992,
    "nni_diff_min": 0.0,
    "nni_max": 877.0,
    "nni_mean": 697.1461318051576,
    "nni_min": 272.0,
    "pnn20": 35.43758967001435,
    "pnn50": 9.182209469153516,
    "rmssd": 45.45870151861981,
    "sampen": 0.8065061831371838,
    "sd1": 32.144068440688585,
    "sd2": 86.89160817889184,
    "sd_ratio": 2.7031926073459562,
    "sdann": 9.769591141697607,
    "sdnn": 65.526967676725,
    "sdnn_index": 58.63787287540328,
    "sdsd": 38.92170012871118,
    "tinn": 195.3125,
    "tinn_m": 804.6875,
    "tinn_n": 609.375,
    "tri_index": 12.24561403508772
}