{
    "Comment": "Analyse HRV",
    "Name": "C:\\Users\\alexa\\OneDrive\\Bureau\\R\u00e9sultat Test Master\\Interface 3\\9\\9MyFirstHRVExport.json",
    "ar_abs": [
        2355.1578759619138,
        4882.789764742867,
        10467.876381088889
    ],
    "ar_bands": {
        "hf": [
            0.15,
            0.4
        ],
        "lf": [
            0.04,
            0.15
        ],
        "ulf": null,
        "vlf": [
            0.0,
            0.04
        ]
    },
    "ar_interpolation": "cubic",
    "ar_log": [
        7.764363042828546,
        8.493472008607421,
        9.256066454360674
    ],
    "ar_nfft": 4096.0,
    "ar_norm": [
        31.80832491799527,
        68.19167508200472
    ],
    "ar_order": 16.0,
    "ar_peak": [
        0.0,
        0.0400390625,
        0.302734375
    ],
    "ar_ratio": 0.46645466444025296,
    "ar_rel": [
        13.301599931542341,
        27.57730879247845,
        59.12109127597921
    ],
    "ar_resampling_frequency": 4.0,
    "ar_total": 17705.82402179367,
    "dfa_alpha1": 0.7703635564246797,
    "dfa_alpha1_beats": [
        4,
        5,
        6,
        7,
        8,
        9,
        10,
        11,
        12,
        13,
        14,
        15,
        16
    ],
    "dfa_alpha2": 0.7821953325862625,
    "dfa_alpha2_beats": [
        17,
        18,
        19,
        20,
        21,
        22,
        23,
        24,
        25,
        26,
        27,
        28,
        29,
        30,
        31,
        32,
        33,
        34,
        35,
        36,
        37,
        38,
        39,
        40,
        41,
        42,
        43,
        44,
        45,
        46,
        47,
        48,
        49,
        50,
        51,
        52,
        53,
        54,
        55,
        56,
        57,
        58,
        59,
        60,
        61,
        62,
        63,
        64
    ],
    "ellipse_area": 42726.4947809917,
    "fft_abs": [
        1628.623716751508,
        2279.532753612437,
        3074.568855950307
    ],
    "fft_bands": {
        "hf": [
            0.15,
            0.4
        ],
        "lf": [
            0.04,
            0.15
        ],
        "ulf": null,
        "vlf": [
            0.0,
            0.04
        ]
    },
    "fft_interpolation": "cubic",
    "fft_log": [
        7.395490591589104,
        7.7317257683208025,
        8.0309199609633
    ],
    "fft_nfft": 4096.0,
    "fft_norm": [
        42.575448130103766,
        57.42455186989623
    ],
    "fft_peak": [
        0.0380859375,
        0.0400390625,
        0.3828125
    ],
    "fft_ratio": 0.7414154180352109,
    "fft_rel": [
        23.323611350056606,
        32.64531607769342,
        44.03107257224997
    ],
    "fft_resampling_frequency": 4.0,
    "fft_total": 6982.725326314252,
    "fft_window": "hamming",
    "hr_max": 2142.8571428571427,
    "hr_mean": 97.30863798535383,
    "hr_min": 43.35260115606936,
    "hr_std": 76.87164032352929,
    "lomb_abs": [
        86.59144319062375,
        293.16370156816686,
        543.0770133991887
    ],
    "lomb_bands": {
        "hf": [
            0.15,
            0.4
        ],
        "lf": [
            0.04,
            0.15
        ],
        "ulf": null,
        "vlf": [
            0.0,
            0.04
        ]
    },
    "lomb_log": [
        4.461201002264157,
        5.680731161421404,
        6.297251139341523
    ],
    "lomb_ma": "n/a",
    "lomb_nfft": 256.0,
    "lomb_norm": [
        35.05733412891899,
        64.94266587108102
    ],
    "lomb_peak": [
        0.02572549019607843,
        0.07396078431372549,
        0.1752549019607843
    ],
    "lomb_ratio": 0.5398197572996464,
    "lomb_rel": [
        9.383227754380034,
        31.767824622988517,
        58.84894762263146
    ],
    "lomb_total": 922.8321581579793,
    "nn20": 480.0,
    "nn50": 263.0,
    "nni_counter": 891.0,
    "nni_diff_max": 844.0,
    "nni_diff_mean": 65.99438202247191,
    "nni_diff_min": 0.0,
    "nni_max": 1384.0,
    "nni_mean": 670.4601571268238,
    "nni_min": 28.0,
    "pnn20": 53.93258426966292,
    "pnn50": 29.55056179775281,
    "rmssd": 132.5990450251171,
    "sampen": 0.7635657537983374,
    "sd1": 93.76166183075031,
    "sd2": 145.05145733572542,
    "sd_ratio": 1.54702310628366,
    "sdann": 10.039691859351604,
    "sdnn": 122.14225145516633,
    "sdnn_index": 122.01658015420145,
    "sdsd": 115.07444146079611,
    "tinn": 195.3125,
    "tinn_m": 789.0625,
    "tinn_n": 593.75,
    "tri_index": 13.921875
}