{
    "Comment": "Analyse HRV",
    "Name": "C:\\Users\\alexa\\OneDrive\\Bureau\\R\u00e9sultat Test Master\\Interface 3\\6\\6MyFirstHRVExport.json",
    "ar_abs": [
        2242.2777801884413,
        4435.096475912111,
        8201.204872631564
    ],
    "ar_bands": {
        "hf": [
            0.15,
            0.4
        ],
        "lf": [
            0.04,
            0.15
        ],
        "ulf": null,
        "vlf": [
            0.0,
            0.04
        ]
    },
    "ar_interpolation": "cubic",
    "ar_log": [
        7.715247494346469,
        8.39730464781308,
        9.01203635814513
    ],
    "ar_nfft": 4096.0,
    "ar_norm": [
        35.09805878777379,
        64.90194121222622
    ],
    "ar_order": 16.0,
    "ar_peak": [
        0.0,
        0.0400390625,
        0.150390625
    ],
    "ar_ratio": 0.5407859631348287,
    "ar_rel": [
        15.070510166245409,
        29.80860227000755,
        55.12088756374705
    ],
    "ar_resampling_frequency": 4.0,
    "ar_total": 14878.579128732115,
    "dfa_alpha1": 1.055453682654133,
    "dfa_alpha1_beats": [
        4,
        5,
        6,
        7,
        8,
        9,
        10,
        11,
        12,
        13,
        14,
        15,
        16
    ],
    "dfa_alpha2": 0.9982061335623258,
    "dfa_alpha2_beats": [
        17,
        18,
        19,
        20,
        21,
        22,
        23,
        24,
        25,
        26,
        27,
        28,
        29,
        30,
        31,
        32,
        33,
        34,
        35,
        36,
        37,
        38,
        39,
        40,
        41,
        42,
        43,
        44,
        45,
        46,
        47,
        48,
        49,
        50,
        51,
        52,
        53,
        54,
        55,
        56,
        57,
        58,
        59,
        60,
        61,
        62,
        63,
        64
    ],
    "ellipse_area": 3526.021063444056,
    "fft_abs": [
        500.64254382580026,
        368.9529394159834,
        225.98468069995087
    ],
    "fft_bands": {
        "hf": [
            0.15,
            0.4
        ],
        "lf": [
            0.04,
            0.15
        ],
        "ulf": null,
        "vlf": [
            0.0,
            0.04
        ]
    },
    "fft_interpolation": "cubic",
    "fft_log": [
        6.215892361055395,
        5.91066910044915,
        5.42046721246132
    ],
    "fft_nfft": 4096.0,
    "fft_norm": [
        62.01539908403949,
        37.98460091596052
    ],
    "fft_peak": [
        0.0146484375,
        0.0400390625,
        0.353515625
    ],
    "fft_ratio": 1.632645798260358,
    "fft_rel": [
        45.69656884116657,
        33.6764895494772,
        20.626941609356233
    ],
    "fft_resampling_frequency": 4.0,
    "fft_total": 1095.5801639417346,
    "fft_window": "hamming",
    "hr_max": 210.52631578947367,
    "hr_mean": 79.709532749134,
    "hr_min": 67.34006734006734,
    "hr_std": 6.024936241123701,
    "lomb_abs": [
        36.89825723310899,
        168.2712690963775,
        301.5469984367157
    ],
    "lomb_bands": {
        "hf": [
            0.15,
            0.4
        ],
        "lf": [
            0.04,
            0.15
        ],
        "ulf": null,
        "vlf": [
            0.0,
            0.04
        ]
    },
    "lomb_log": [
        3.608164320476095,
        5.125577374183909,
        5.708925886064388
    ],
    "lomb_ma": "n/a",
    "lomb_nfft": 256.0,
    "lomb_norm": [
        35.816246562725404,
        64.1837534372746
    ],
    "lomb_peak": [
        0.014470588235294117,
        0.14149019607843139,
        0.3408627450980392
    ],
    "lomb_ratio": 0.5580266756715598,
    "lomb_rel": [
        7.281834207031982,
        33.20816686884594,
        59.50999892412207
    ],
    "lomb_total": 506.71652476620216,
    "nn20": 447.0,
    "nn50": 22.0,
    "nni_counter": 1431.0,
    "nni_diff_max": 474.0,
    "nni_diff_mean": 17.39160839160839,
    "nni_diff_min": 0.0,
    "nni_max": 891.0,
    "nni_mean": 755.6170510132774,
    "nni_min": 285.0,
    "pnn20": 31.258741258741257,
    "pnn50": 1.5384615384615385,
    "rmssd": 29.02689854532928,
    "sampen": 1.4107378429753143,
    "sd1": 20.525019208676845,
    "sd2": 54.682889792963074,
    "sd_ratio": 2.664206509967414,
    "sdann": 8.541565414841084,
    "sdnn": 41.34720920521279,
    "sdnn_index": 41.5509054249997,
    "sdsd": 23.24802676112542,
    "tinn": 164.0625,
    "tinn_m": 820.3125,
    "tinn_n": 656.25,
    "tri_index": 11.1796875
}