{
    "Comment": "Analyse HRV",
    "Name": "C:\\Users\\alexa\\OneDrive\\Bureau\\R\u00e9sultat Test Master\\Interface 1\\10\\10MyFirstHRVExport.json",
    "ar_abs": [
        2481.3934563946304,
        5348.598797711094,
        11502.82106722788
    ],
    "ar_bands": {
        "hf": [
            0.15,
            0.4
        ],
        "lf": [
            0.04,
            0.15
        ],
        "ulf": null,
        "vlf": [
            0.0,
            0.04
        ]
    },
    "ar_interpolation": "cubic",
    "ar_log": [
        7.816575558943406,
        8.584589898616544,
        9.350347594461445
    ],
    "ar_nfft": 4096.0,
    "ar_norm": [
        31.73975154959718,
        68.26024845040283
    ],
    "ar_order": 16.0,
    "ar_peak": [
        0.0,
        0.0400390625,
        0.21875
    ],
    "ar_ratio": 0.464981482929394,
    "ar_rel": [
        12.835138968917848,
        27.665910329817123,
        59.49895070126503
    ],
    "ar_resampling_frequency": 4.0,
    "ar_total": 19332.813321333604,
    "dfa_alpha1": 0.8223685016719616,
    "dfa_alpha1_beats": [
        4,
        5,
        6,
        7,
        8,
        9,
        10,
        11,
        12,
        13,
        14,
        15,
        16
    ],
    "dfa_alpha2": 0.5863092624649194,
    "dfa_alpha2_beats": [
        17,
        18,
        19,
        20,
        21,
        22,
        23,
        24,
        25,
        26,
        27,
        28,
        29,
        30,
        31,
        32,
        33,
        34,
        35,
        36,
        37,
        38,
        39,
        40,
        41,
        42,
        43,
        44,
        45,
        46,
        47,
        48,
        49,
        50,
        51,
        52,
        53,
        54,
        55,
        56,
        57,
        58,
        59,
        60,
        61,
        62,
        63,
        64
    ],
    "ellipse_area": 53998.84548545447,
    "fft_abs": [
        1880.1834412295025,
        6123.829693336077,
        8438.489660295636
    ],
    "fft_bands": {
        "hf": [
            0.15,
            0.4
        ],
        "lf": [
            0.04,
            0.15
        ],
        "ulf": null,
        "vlf": [
            0.0,
            0.04
        ]
    },
    "fft_interpolation": "cubic",
    "fft_log": [
        7.539124626185928,
        8.719942946680897,
        9.040558621374567
    ],
    "fft_nfft": 4096.0,
    "fft_norm": [
        42.052571054272676,
        57.94742894572733
    ],
    "fft_peak": [
        0.0185546875,
        0.09375,
        0.201171875
    ],
    "fft_ratio": 0.7257021030848231,
    "fft_rel": [
        11.434898109411405,
        37.24390240182876,
        51.32119948875984
    ],
    "fft_resampling_frequency": 4.0,
    "fft_total": 16442.502794861215,
    "fft_window": "hamming",
    "hr_max": 625.0,
    "hr_mean": 110.30916746164024,
    "hr_min": 36.474164133738604,
    "hr_std": 40.72033190111141,
    "lomb_abs": [
        129.8880132015086,
        293.4504574852552,
        763.9178412825131
    ],
    "lomb_bands": {
        "hf": [
            0.15,
            0.4
        ],
        "lf": [
            0.04,
            0.15
        ],
        "ulf": null,
        "vlf": [
            0.0,
            0.04
        ]
    },
    "lomb_log": [
        4.866672642294113,
        5.6817088259919,
        6.6384602457956055
    ],
    "lomb_ma": "n/a",
    "lomb_nfft": 256.0,
    "lomb_norm": [
        27.75290859648765,
        72.24709140351236
    ],
    "lomb_peak": [
        0.030549019607843137,
        0.04180392156862745,
        0.29262745098039217
    ],
    "lomb_ratio": 0.3841387667980004,
    "lomb_rel": [
        10.940182999411991,
        24.71668960837236,
        64.34312739221566
    ],
    "lomb_total": 1187.2563119692768,
    "nn20": 196.0,
    "nn50": 137.0,
    "nni_counter": 660.0,
    "nni_diff_max": 1390.0,
    "nni_diff_mean": 63.6752655538695,
    "nni_diff_min": 0.0,
    "nni_max": 1645.0,
    "nni_mean": 583.089393939394,
    "nni_min": 96.0,
    "pnn20": 29.74203338391502,
    "pnn50": 20.789074355083457,
    "rmssd": 158.39891248994408,
    "sampen": 0.3231705206747361,
    "sd1": 112.00494219378619,
    "sd2": 153.4607850677922,
    "sd_ratio": 1.370125121820793,
    "sdann": 0.043211871682302214,
    "sdnn": 134.3462433012614,
    "sdnn_index": 129.67287817189006,
    "sdsd": 145.14697774034366,
    "tinn": 132.8125,
    "tinn_m": 656.25,
    "tinn_n": 523.4375,
    "tri_index": 9.850746268656716
}