{
    "Comment": "Analyse HRV",
    "Name": "C:\\Users\\alexa\\OneDrive\\Bureau\\R\u00e9sultat Test Master\\Interface 2\\14\\14MyFirstHRVExport.json",
    "ar_abs": [
        2257.866398089584,
        4583.198561022057,
        9144.556996310683
    ],
    "ar_bands": {
        "hf": [
            0.15,
            0.4
        ],
        "lf": [
            0.04,
            0.15
        ],
        "ulf": null,
        "vlf": [
            0.0,
            0.04
        ]
    },
    "ar_interpolation": "cubic",
    "ar_log": [
        7.722175574708249,
        8.43015240912636,
        9.120914117476723
    ],
    "ar_nfft": 4096.0,
    "ar_norm": [
        33.386364885947586,
        66.6136351140524
    ],
    "ar_order": 16.0,
    "ar_peak": [
        0.0,
        0.0400390625,
        0.150390625
    ],
    "ar_ratio": 0.5011941598560894,
    "ar_rel": [
        14.124357528195613,
        28.670755343788397,
        57.20488712801599
    ],
    "ar_resampling_frequency": 4.0,
    "ar_total": 15985.621955422324,
    "dfa_alpha1": 0.923449119366504,
    "dfa_alpha1_beats": [
        4,
        5,
        6,
        7,
        8,
        9,
        10,
        11,
        12,
        13,
        14,
        15,
        16
    ],
    "dfa_alpha2": 0.9037115854565725,
    "dfa_alpha2_beats": [
        17,
        18,
        19,
        20,
        21,
        22,
        23,
        24,
        25,
        26,
        27,
        28,
        29,
        30,
        31,
        32,
        33,
        34,
        35,
        36,
        37,
        38,
        39,
        40,
        41,
        42,
        43,
        44,
        45,
        46,
        47,
        48,
        49,
        50,
        51,
        52,
        53,
        54,
        55,
        56,
        57,
        58,
        59,
        60,
        61,
        62,
        63,
        64
    ],
    "ellipse_area": 15381.463254482589,
    "fft_abs": [
        1029.1429247399526,
        1111.9047690397927,
        851.9974379637167
    ],
    "fft_bands": {
        "hf": [
            0.15,
            0.4
        ],
        "lf": [
            0.04,
            0.15
        ],
        "ulf": null,
        "vlf": [
            0.0,
            0.04
        ]
    },
    "fft_interpolation": "cubic",
    "fft_log": [
        6.936481622923439,
        7.013829831790565,
        6.747583519739955
    ],
    "fft_nfft": 4096.0,
    "fft_norm": [
        56.617114898827836,
        43.38288510117216
    ],
    "fft_peak": [
        0.0185546875,
        0.0400390625,
        0.2734375
    ],
    "fft_ratio": 1.3050564702368792,
    "fft_rel": [
        34.38447732796038,
        37.14961586269511,
        28.46590680934452
    ],
    "fft_resampling_frequency": 4.0,
    "fft_total": 2993.0451317434618,
    "fft_window": "hamming",
    "hr_max": 666.6666666666666,
    "hr_mean": 86.66556089545278,
    "hr_min": 67.64374295377678,
    "hr_std": 26.397307040583875,
    "lomb_abs": [
        57.293323282502826,
        164.91215405543372,
        343.6146333940879
    ],
    "lomb_bands": {
        "hf": [
            0.15,
            0.4
        ],
        "lf": [
            0.04,
            0.15
        ],
        "ulf": null,
        "vlf": [
            0.0,
            0.04
        ]
    },
    "lomb_log": [
        4.048184094811095,
        5.105412932461519,
        5.8395207776610025
    ],
    "lomb_ma": "n/a",
    "lomb_nfft": 256.0,
    "lomb_norm": [
        32.42939371641332,
        67.57060628358667
    ],
    "lomb_peak": [
        0.009647058823529411,
        0.07074509803921569,
        0.2572549019607843
    ],
    "lomb_ratio": 0.4799334429575872,
    "lomb_rel": [
        10.125713490172721,
        29.14568622208924,
        60.72860028773805
    ],
    "lomb_total": 565.8201107320244,
    "nn20": 469.0,
    "nn50": 98.0,
    "nni_counter": 1342.0,
    "nni_diff_max": 630.0,
    "nni_diff_mean": 28.29530201342282,
    "nni_diff_min": 0.0,
    "nni_max": 887.0,
    "nni_mean": 711.8219076005961,
    "nni_min": 90.0,
    "pnn20": 34.97390007457122,
    "pnn50": 7.307979120059657,
    "rmssd": 67.79589493928773,
    "sampen": 0.9225643064862781,
    "sd1": 47.93892859185717,
    "sd2": 102.13144018212687,
    "sd_ratio": 2.1304489520751355,
    "sdann": 16.69314527639011,
    "sdnn": 79.78297574314603,
    "sdnn_index": 83.9622983720798,
    "sdsd": 61.63190599130783,
    "tinn": 226.5625,
    "tinn_m": 828.125,
    "tinn_n": 601.5625,
    "tri_index": 14.911111111111111
}