{
    "Comment": "Analyse HRV",
    "Name": "C:\\Users\\alexa\\OneDrive\\Bureau\\R\u00e9sultat Test Master\\Interface 1\\2\\2MyFirstHRVExport.json",
    "ar_abs": [
        2367.9348818160233,
        4927.181362169387,
        9735.276889436402
    ],
    "ar_bands": {
        "hf": [
            0.15,
            0.4
        ],
        "lf": [
            0.04,
            0.15
        ],
        "ulf": null,
        "vlf": [
            0.0,
            0.04
        ]
    },
    "ar_interpolation": "cubic",
    "ar_log": [
        7.769773496392687,
        8.502522371724298,
        9.183511360076329
    ],
    "ar_nfft": 4096.0,
    "ar_norm": [
        33.60406063989834,
        66.39593936010166
    ],
    "ar_order": 16.0,
    "ar_peak": [
        0.0,
        0.0400390625,
        0.150390625
    ],
    "ar_ratio": 0.5061162017400651,
    "ar_rel": [
        13.90417040443416,
        28.931694785717482,
        57.16413480984834
    ],
    "ar_resampling_frequency": 4.0,
    "ar_total": 17030.393133421814,
    "dfa_alpha1": 0.8953219386003485,
    "dfa_alpha1_beats": [
        4,
        5,
        6,
        7,
        8,
        9,
        10,
        11,
        12,
        13,
        14,
        15,
        16
    ],
    "dfa_alpha2": 0.5504590378957296,
    "dfa_alpha2_beats": [
        17,
        18,
        19,
        20,
        21,
        22,
        23,
        24,
        25,
        26,
        27,
        28,
        29,
        30,
        31,
        32,
        33,
        34,
        35,
        36,
        37,
        38,
        39,
        40,
        41,
        42,
        43,
        44,
        45,
        46,
        47,
        48,
        49,
        50,
        51,
        52,
        53,
        54,
        55,
        56,
        57,
        58,
        59,
        60,
        61,
        62,
        63,
        64
    ],
    "ellipse_area": 19807.179134621634,
    "fft_abs": [
        424.4306438846449,
        1293.4572168737645,
        1465.0402113402108
    ],
    "fft_bands": {
        "hf": [
            0.15,
            0.4
        ],
        "lf": [
            0.04,
            0.15
        ],
        "ulf": null,
        "vlf": [
            0.0,
            0.04
        ]
    },
    "fft_interpolation": "cubic",
    "fft_log": [
        6.050748609327892,
        7.165073925604601,
        7.2896379690882736
    ],
    "fft_nfft": 4096.0,
    "fft_norm": [
        46.889919259820736,
        53.11008074017926
    ],
    "fft_peak": [
        0.037109375,
        0.0986328125,
        0.259765625
    ],
    "fft_ratio": 0.88288171673494,
    "fft_rel": [
        13.334597398074482,
        40.637337306241456,
        46.02806529568406
    ],
    "fft_resampling_frequency": 4.0,
    "fft_total": 3182.9280720986203,
    "fft_window": "hamming",
    "hr_max": 275.22935779816515,
    "hr_mean": 85.31422574227759,
    "hr_min": 60.18054162487462,
    "hr_std": 21.354481934393135,
    "lomb_abs": [
        122.00793683944795,
        361.5427175499758,
        891.6235808803729
    ],
    "lomb_bands": {
        "hf": [
            0.15,
            0.4
        ],
        "lf": [
            0.04,
            0.15
        ],
        "ulf": null,
        "vlf": [
            0.0,
            0.04
        ]
    },
    "lomb_log": [
        4.804086098678251,
        5.890380202114066,
        6.7930440489865305
    ],
    "lomb_ma": "n/a",
    "lomb_nfft": 256.0,
    "lomb_norm": [
        28.85033837909825,
        71.14966162090175
    ],
    "lomb_peak": [
        0.030549019607843137,
        0.09647058823529411,
        0.15756862745098038
    ],
    "lomb_ratio": 0.4054880616694717,
    "lomb_rel": [
        8.872180245255331,
        26.29068435673858,
        64.8371353980061
    ],
    "lomb_total": 1375.1742352697966,
    "nn20": 308.0,
    "nn50": 99.0,
    "nni_counter": 615.0,
    "nni_diff_max": 545.0,
    "nni_diff_mean": 42.1514657980456,
    "nni_diff_min": 0.0,
    "nni_max": 997.0,
    "nni_mean": 722.3983739837398,
    "nni_min": 218.0,
    "pnn20": 50.1628664495114,
    "pnn50": 16.123778501628664,
    "rmssd": 88.65771570340581,
    "sampen": 1.0609642708306328,
    "sd1": 62.69046638264871,
    "sd2": 100.5706497297394,
    "sd_ratio": 1.6042415303768591,
    "sdann": 2.966536053343576,
    "sdnn": 83.80053678096861,
    "sdnn_index": 82.2220440801666,
    "sdsd": 78.06003162832633,
    "tinn": 156.25,
    "tinn_m": 804.6875,
    "tinn_n": 648.4375,
    "tri_index": 10.982142857142858
}