{
    "Comment": "Analyse HRV",
    "Name": "C:\\Users\\alexa\\OneDrive\\Bureau\\R\u00e9sultat Test Master\\Interface 2\\11\\11MyFirstHRVExport.json",
    "ar_abs": [
        2648.7051074315227,
        6675.422849725625,
        12420.987899171154
    ],
    "ar_bands": {
        "hf": [
            0.15,
            0.4
        ],
        "lf": [
            0.04,
            0.15
        ],
        "ulf": null,
        "vlf": [
            0.0,
            0.04
        ]
    },
    "ar_interpolation": "cubic",
    "ar_log": [
        7.881826160852386,
        8.806187829535535,
        9.427142893320319
    ],
    "ar_nfft": 4096.0,
    "ar_norm": [
        34.95642682545081,
        65.0435731745492
    ],
    "ar_order": 16.0,
    "ar_peak": [
        0.033203125,
        0.0400390625,
        0.150390625
    ],
    "ar_ratio": 0.5374309116081719,
    "ar_rel": [
        12.180689792281294,
        30.69849291137684,
        57.12081729634186
    ],
    "ar_resampling_frequency": 4.0,
    "ar_total": 21745.115856328302,
    "dfa_alpha1": "nan",
    "dfa_alpha1_beats": [
        4,
        5,
        6,
        7,
        8,
        9,
        10,
        11,
        12,
        13,
        14,
        15,
        16
    ],
    "dfa_alpha2": "nan",
    "dfa_alpha2_beats": [
        17,
        18,
        19,
        20,
        21,
        22,
        23,
        24,
        25,
        26,
        27,
        28,
        29,
        30,
        31,
        32,
        33,
        34,
        35,
        36,
        37,
        38,
        39,
        40,
        41,
        42,
        43,
        44,
        45,
        46,
        47,
        48,
        49,
        50,
        51,
        52,
        53,
        54,
        55,
        56,
        57,
        58,
        59,
        60,
        61,
        62,
        63,
        64
    ],
    "ellipse_area": 437.37626210978755,
    "fft_abs": [
        0.3694578798596534,
        6.43006715878448,
        114.63357032128413
    ],
    "fft_bands": {
        "hf": [
            0.15,
            0.4
        ],
        "lf": [
            0.04,
            0.15
        ],
        "ulf": null,
        "vlf": [
            0.0,
            0.04
        ]
    },
    "fft_interpolation": "cubic",
    "fft_log": [
        -0.9957185373522407,
        1.8609849827959912,
        4.741740696124334
    ],
    "fft_nfft": 4096.0,
    "fft_norm": [
        5.311311713926568,
        94.68868828607343
    ],
    "fft_peak": [
        0.0390625,
        0.1494140625,
        0.359375
    ],
    "fft_ratio": 0.05609235707099496,
    "fft_rel": [
        0.3042480954344271,
        5.295152149194362,
        94.4005997553712
    ],
    "fft_resampling_frequency": 4.0,
    "fft_total": 121.43309535992826,
    "fft_window": "hamming",
    "hr_max": 99.83361064891847,
    "hr_mean": 96.83753832907632,
    "hr_min": 93.02325581395348,
    "hr_std": 1.851247636336114,
    "lomb_abs": [
        7225.758928547497,
        21179.99118214228,
        50807.09133416598
    ],
    "lomb_bands": {
        "hf": [
            0.15,
            0.4
        ],
        "lf": [
            0.04,
            0.15
        ],
        "ulf": null,
        "vlf": [
            0.0,
            0.04
        ]
    },
    "lomb_log": [
        8.885407549477602,
        9.960812202825862,
        10.835791217016594
    ],
    "lomb_ma": "n/a",
    "lomb_nfft": 256.0,
    "lomb_norm": [
        29.421932993803537,
        70.57806700619646
    ],
    "lomb_peak": [
        0.027333333333333334,
        0.06913725490196078,
        0.27815686274509804
    ],
    "lomb_ratio": 0.41687076795713907,
    "lomb_rel": [
        9.121953961944074,
        26.738077811394746,
        64.13996822666118
    ],
    "lomb_total": 79212.84144485576,
    "nn20": 2.0,
    "nn50": 0.0,
    "nni_counter": 10.0,
    "nni_diff_max": 33.0,
    "nni_diff_mean": 13.444444444444445,
    "nni_diff_min": 2.0,
    "nni_max": 645.0,
    "nni_mean": 619.8,
    "nni_min": 601.0,
    "pnn20": 22.22222222222222,
    "pnn50": 0.0,
    "rmssd": 16.346933113652305,
    "sampen": "n/a",
    "sd1": 11.552349982728916,
    "sd2": 12.051330544849993,
    "sd_ratio": 1.043192992150261,
    "sdann": "n/a",
    "sdnn": 11.951754868823423,
    "sdnn_index": "n/a",
    "sdsd": 9.862949750342327,
    "tinn": 46.875,
    "tinn_m": 632.8125,
    "tinn_n": 585.9375,
    "tri_index": 3.3333333333333335
}