{
    "Comment": "Analyse HRV",
    "Name": "C:\\Users\\alexa\\OneDrive\\Bureau\\R\u00e9sultat Test Master\\Interface 1\\26\\26MyFirstHRVExport.json",
    "ar_abs": [
        2440.245187725968,
        5209.705646440942,
        9688.461161235677
    ],
    "ar_bands": {
        "hf": [
            0.15,
            0.4
        ],
        "lf": [
            0.04,
            0.15
        ],
        "ulf": null,
        "vlf": [
            0.0,
            0.04
        ]
    },
    "ar_interpolation": "cubic",
    "ar_log": [
        7.799853800011728,
        8.55827863534731,
        9.17869088538364
    ],
    "ar_nfft": 4096.0,
    "ar_norm": [
        34.96876973988855,
        65.03123026011144
    ],
    "ar_order": 16.0,
    "ar_peak": [
        0.0,
        0.0400390625,
        0.150390625
    ],
    "ar_ratio": 0.5377227156863051,
    "ar_rel": [
        14.074213880561945,
        30.04719029529541,
        55.87859582414264
    ],
    "ar_resampling_frequency": 4.0,
    "ar_total": 17338.41199540259,
    "dfa_alpha1": 1.2007252117615796,
    "dfa_alpha1_beats": [
        4,
        5,
        6,
        7,
        8,
        9,
        10,
        11,
        12,
        13,
        14,
        15,
        16
    ],
    "dfa_alpha2": 0.8886626708791414,
    "dfa_alpha2_beats": [
        17,
        18,
        19,
        20,
        21,
        22,
        23,
        24,
        25,
        26,
        27,
        28,
        29,
        30,
        31,
        32,
        33,
        34,
        35,
        36,
        37,
        38,
        39,
        40,
        41,
        42,
        43,
        44,
        45,
        46,
        47,
        48,
        49,
        50,
        51,
        52,
        53,
        54,
        55,
        56,
        57,
        58,
        59,
        60,
        61,
        62,
        63,
        64
    ],
    "ellipse_area": 19451.344220422907,
    "fft_abs": [
        2844.361811746649,
        4021.497956734339,
        1783.1021100868181
    ],
    "fft_bands": {
        "hf": [
            0.15,
            0.4
        ],
        "lf": [
            0.04,
            0.15
        ],
        "ulf": null,
        "vlf": [
            0.0,
            0.04
        ]
    },
    "fft_interpolation": "cubic",
    "fft_log": [
        7.95309400215164,
        8.29940973825854,
        7.486109884920388
    ],
    "fft_nfft": 4096.0,
    "fft_norm": [
        69.28122369224104,
        30.718776307758954
    ],
    "fft_peak": [
        0.017578125,
        0.083984375,
        0.2236328125
    ],
    "fft_ratio": 2.2553380055943824,
    "fft_rel": [
        32.8867423822852,
        46.496886137278985,
        20.616371480435806
    ],
    "fft_resampling_frequency": 4.0,
    "fft_total": 8648.961878567807,
    "fft_window": "hamming",
    "hr_max": 179.64071856287424,
    "hr_mean": 86.91355401819816,
    "hr_min": 62.69592476489028,
    "hr_std": 13.97593863373963,
    "lomb_abs": [
        114.57320489344485,
        413.3271293809013,
        880.6880069447459
    ],
    "lomb_bands": {
        "hf": [
            0.15,
            0.4
        ],
        "lf": [
            0.04,
            0.15
        ],
        "ulf": null,
        "vlf": [
            0.0,
            0.04
        ]
    },
    "lomb_log": [
        4.741213962748513,
        6.024239360255993,
        6.780703428079026
    ],
    "lomb_ma": "n/a",
    "lomb_nfft": 256.0,
    "lomb_norm": [
        31.941444715596038,
        68.05855528440395
    ],
    "lomb_peak": [
        0.011254901960784314,
        0.04823529411764706,
        0.21705882352941178
    ],
    "lomb_ratio": 0.4693229907998887,
    "lomb_rel": [
        8.133902684036494,
        29.34335868655414,
        62.52273862940937
    ],
    "lomb_total": 1408.588341219092,
    "nn20": 313.0,
    "nn50": 133.0,
    "nni_counter": 513.0,
    "nni_diff_max": 463.0,
    "nni_diff_mean": 41.9453125,
    "nni_diff_min": 0.0,
    "nni_max": 957.0,
    "nni_mean": 706.0331384015594,
    "nni_min": 334.0,
    "pnn20": 61.1328125,
    "pnn50": 25.9765625,
    "rmssd": 64.77367448470096,
    "sampen": 1.2680925775137397,
    "sd1": 45.80170449829057,
    "sd2": 135.18176305328623,
    "sd_ratio": 2.9514570371137943,
    "sdann": 16.4456553735674,
    "sdnn": 100.98368174030153,
    "sdnn_index": 88.26094027214735,
    "sdsd": 49.40634795943579,
    "tinn": 390.625,
    "tinn_m": 898.4375,
    "tinn_n": 507.8125,
    "tri_index": 22.304347826086957
}