{
    "Comment": "Analyse HRV",
    "Name": "C:\\Users\\alexa\\OneDrive\\Bureau\\R\u00e9sultat Test Master\\Interface 2\\8\\8MyFirstHRVExport.json",
    "ar_abs": [
        2424.157955751456,
        5157.598175823568,
        10366.09247464746
    ],
    "ar_bands": {
        "hf": [
            0.15,
            0.4
        ],
        "lf": [
            0.04,
            0.15
        ],
        "ulf": null,
        "vlf": [
            0.0,
            0.04
        ]
    },
    "ar_interpolation": "cubic",
    "ar_log": [
        7.7932395083299735,
        8.548226280309278,
        9.246295419667554
    ],
    "ar_nfft": 4096.0,
    "ar_norm": [
        33.22404634278817,
        66.77595365721183
    ],
    "ar_order": 16.0,
    "ar_peak": [
        0.0,
        0.0400390625,
        0.150390625
    ],
    "ar_ratio": 0.4975450670961696,
    "ar_rel": [
        13.506677089481384,
        28.736581687208123,
        57.75674122331049
    ],
    "ar_resampling_frequency": 4.0,
    "ar_total": 17947.848606222484,
    "dfa_alpha1": 0.9799832558892636,
    "dfa_alpha1_beats": [
        4,
        5,
        6,
        7,
        8,
        9,
        10,
        11,
        12,
        13,
        14,
        15,
        16
    ],
    "dfa_alpha2": 0.8758291195782785,
    "dfa_alpha2_beats": [
        17,
        18,
        19,
        20,
        21,
        22,
        23,
        24,
        25,
        26,
        27,
        28,
        29,
        30,
        31,
        32,
        33,
        34,
        35,
        36,
        37,
        38,
        39,
        40,
        41,
        42,
        43,
        44,
        45,
        46,
        47,
        48,
        49,
        50,
        51,
        52,
        53,
        54,
        55,
        56,
        57,
        58,
        59,
        60,
        61,
        62,
        63,
        64
    ],
    "ellipse_area": 35480.436812466774,
    "fft_abs": [
        2934.1791124483693,
        4816.556096017832,
        3482.527705774314
    ],
    "fft_bands": {
        "hf": [
            0.15,
            0.4
        ],
        "lf": [
            0.04,
            0.15
        ],
        "ulf": null,
        "vlf": [
            0.0,
            0.04
        ]
    },
    "fft_interpolation": "cubic",
    "fft_log": [
        7.984183004027207,
        8.47981444876493,
        8.155513661336403
    ],
    "fft_nfft": 4096.0,
    "fft_norm": [
        58.037202793129055,
        41.96279720687096
    ],
    "fft_peak": [
        0.017578125,
        0.115234375,
        0.1650390625
    ],
    "fft_ratio": 1.383063252599998,
    "fft_rel": [
        26.120452577751756,
        42.87762276009615,
        31.00192466215208
    ],
    "fft_resampling_frequency": 4.0,
    "fft_total": 11233.262914240517,
    "fft_window": "hamming",
    "hr_max": 264.3171806167401,
    "hr_mean": 77.42594770950863,
    "hr_min": 28.680688336520078,
    "hr_std": 18.08007442111669,
    "lomb_abs": [
        38.85160862104599,
        168.29692534407826,
        390.75112537813055
    ],
    "lomb_bands": {
        "hf": [
            0.15,
            0.4
        ],
        "lf": [
            0.04,
            0.15
        ],
        "ulf": null,
        "vlf": [
            0.0,
            0.04
        ]
    },
    "lomb_log": [
        3.6597494819035834,
        5.125729832129575,
        5.968070849343838
    ],
    "lomb_ma": "n/a",
    "lomb_nfft": 256.0,
    "lomb_norm": [
        30.104196790716486,
        69.89580320928351
    ],
    "lomb_peak": [
        0.030549019607843137,
        0.06270588235294118,
        0.29101960784313724
    ],
    "lomb_ratio": 0.4307010637044667,
    "lomb_rel": [
        6.498014844785392,
        28.14802161435232,
        65.35396354086228
    ],
    "lomb_total": 597.8996593432548,
    "nn20": 898.0,
    "nn50": 496.0,
    "nni_counter": 1254.0,
    "nni_diff_max": 841.0,
    "nni_diff_mean": 59.19792498004789,
    "nni_diff_min": 0.0,
    "nni_max": 2092.0,
    "nni_mean": 799.2057416267943,
    "nni_min": 227.0,
    "pnn20": 71.66799680766161,
    "pnn50": 39.58499600957702,
    "rmssd": 101.67741974280558,
    "sampen": 1.3157617974166333,
    "sd1": 71.89677383815302,
    "sd2": 157.08317912777161,
    "sd_ratio": 2.1848432237221362,
    "sdann": 27.018059557895473,
    "sdnn": 122.16340932677106,
    "sdnn_index": 112.96357421327916,
    "sdsd": 82.70043381312671,
    "tinn": 414.0625,
    "tinn_m": 1000.0,
    "tinn_n": 585.9375,
    "tri_index": 27.26086956521739
}