{
    "Comment": "Analyse HRV",
    "Name": "C:\\Users\\alexa\\OneDrive\\Bureau\\R\u00e9sultat Test Master\\Interface 1\\4\\4MyFirstHRVExport.json",
    "ar_abs": [
        2481.424288205771,
        5293.451580179237,
        9634.588020157631
    ],
    "ar_bands": {
        "hf": [
            0.15,
            0.4
        ],
        "lf": [
            0.04,
            0.15
        ],
        "ulf": null,
        "vlf": [
            0.0,
            0.04
        ]
    },
    "ar_interpolation": "cubic",
    "ar_log": [
        7.816587984066683,
        8.574225784708302,
        9.17311482125838
    ],
    "ar_nfft": 4096.0,
    "ar_norm": [
        35.45979058134187,
        64.54020941865814
    ],
    "ar_order": 16.0,
    "ar_peak": [
        0.0,
        0.0400390625,
        0.150390625
    ],
    "ar_ratio": 0.5494216845706529,
    "ar_rel": [
        14.25330673070768,
        30.405597863716615,
        55.3410954055757
    ],
    "ar_resampling_frequency": 4.0,
    "ar_total": 17409.46388854264,
    "dfa_alpha1": 1.2401352366505152,
    "dfa_alpha1_beats": [
        4,
        5,
        6,
        7,
        8,
        9,
        10,
        11,
        12,
        13,
        14,
        15,
        16
    ],
    "dfa_alpha2": 0.6442068413250406,
    "dfa_alpha2_beats": [
        17,
        18,
        19,
        20,
        21,
        22,
        23,
        24,
        25,
        26,
        27,
        28,
        29,
        30,
        31,
        32,
        33,
        34,
        35,
        36,
        37,
        38,
        39,
        40,
        41,
        42,
        43,
        44,
        45,
        46,
        47,
        48,
        49,
        50,
        51,
        52,
        53,
        54,
        55,
        56,
        57,
        58,
        59,
        60,
        61,
        62,
        63,
        64
    ],
    "ellipse_area": 19629.79735582788,
    "fft_abs": [
        2195.9271165374626,
        5049.432355742766,
        1247.5651563786782
    ],
    "fft_bands": {
        "hf": [
            0.15,
            0.4
        ],
        "lf": [
            0.04,
            0.15
        ],
        "ulf": null,
        "vlf": [
            0.0,
            0.04
        ]
    },
    "fft_interpolation": "cubic",
    "fft_log": [
        7.694359612888057,
        8.5270311111481,
        7.128949055823824
    ],
    "fft_nfft": 4096.0,
    "fft_norm": [
        80.18793633033567,
        19.81206366966431
    ],
    "fft_peak": [
        0.0146484375,
        0.0703125,
        0.1630859375
    ],
    "fft_ratio": 4.0474297714436105,
    "fft_rel": [
        25.85595907830652,
        59.45457632702561,
        14.689464594667879
    ],
    "fft_resampling_frequency": 4.0,
    "fft_total": 8492.924628658906,
    "fft_window": "hamming",
    "hr_max": 89.82035928143712,
    "hr_mean": 65.92412779718826,
    "hr_min": 51.02040816326531,
    "hr_std": 7.769552698305281,
    "lomb_abs": [
        203.3684388298878,
        471.5493844011382,
        1069.1693797131995
    ],
    "lomb_bands": {
        "hf": [
            0.15,
            0.4
        ],
        "lf": [
            0.04,
            0.15
        ],
        "ulf": null,
        "vlf": [
            0.0,
            0.04
        ]
    },
    "lomb_log": [
        5.315019303580009,
        6.156023835509534,
        6.974637345352242
    ],
    "lomb_ma": "n/a",
    "lomb_nfft": 256.0,
    "lomb_norm": [
        30.60580525039573,
        69.39419474960427
    ],
    "lomb_peak": [
        0.001607843137254902,
        0.05145098039215686,
        0.36498039215686273
    ],
    "lomb_ratio": 0.4410427321886355,
    "lomb_rel": [
        11.660451294326213,
        27.037030235937003,
        61.30251846973679
    ],
    "lomb_total": 1744.0872029442255,
    "nn20": 388.0,
    "nn50": 181.0,
    "nni_counter": 558.0,
    "nni_diff_max": 310.0,
    "nni_diff_mean": 46.33752244165171,
    "nni_diff_min": 0.0,
    "nni_max": 1176.0,
    "nni_mean": 922.3010752688172,
    "nni_min": 668.0,
    "pnn20": 69.6588868940754,
    "pnn50": 32.49551166965889,
    "rmssd": 62.92713291935863,
    "sampen": 1.426198503349917,
    "sd1": 44.49591490041481,
    "sd2": 140.42544301266176,
    "sd_ratio": 3.1559176460792955,
    "sdann": 5.3523215569300655,
    "sdnn": 104.42386538200584,
    "sdnn_index": 102.72735719645338,
    "sdsd": 42.61359228940338,
    "tinn": 367.1875,
    "tinn_m": 1093.75,
    "tinn_n": 726.5625,
    "tri_index": 22.32
}